职位,公司,薪资,公司福利,招聘信息,职位信息,职能类别,公司地址
Python爬虫工程师,广东全彩科技有限公司,0.7-1.2万/月,餐饮补贴绩效奖金年终奖金员工旅游定期体检交通补贴周末双休地铁周边六险一金,广州-天河区|3-4年经验|大专|招1人|03-13发布,"1.负责数据中心的数据采集与爬取、解析处理、入库及备份等数据日常工作；2.负责数据的清洗、整理、整合及合并等工作；4.参与需求分析及设计文档、代码的编写；5.根据工作安排，能按时按质完成需求。[职位要求]1、计算机科学与技术、软件工程等相关专业；2、熟悉linux平台，有一年以上Python编程经验，熟悉前端开发的相关领域知识；3、熟悉Scrapy,XPath、正则表达式原理等；4、具有优秀的团队合作和沟通协作能力，善于学习，乐于分享，能承受较大工作压力；5、理解Web等数据抓取的工作原理及流程，有实际数据抓取经验；6、熟练使用Mysql/MongoDB/Redis等数据库或队列。[优先条件]1.设计过除Scrapy框架以外的爬虫架构；1.对反爬虫技术有一定的理解，知道如何解决问题；2.有多线程/多进程相关的开发经验；3.有除了写代码之外的其他兴趣爱好；4.发布过开源库，或者贡献过开源代码；5.良好的英文阅读能力。珠江新城保利克洛维大厦一期17楼1710室广东全彩科技有限公司民营公司50-150人",大数据开发/分析数据库工程师/管理员爬虫Python数据抓取采集清洗,珠江新城保利克洛维大厦一期17楼1710室
Python开发工程师,广州拼吧信息科技有限公司,0.8-1.2万/月,五险一金年终奖金股票期权弹性工作,广州-天河区|2年经验|大专|招若干人|03-13发布,1、负责微服务应用开发框架研究、开发、重构工作。要求如下:1、精通Python、Java2、熟悉常见Pythonweb架构，精通Django、Tornado者优先；3、具备数据库设计能力，熟练掌握MySql/MongoDB/Redis者优先；4、熟悉Linux操作系统，熟悉Nginx、uWSGI，能独立搭建高可用生产环境；5、有大型网络服务开发经验，在高并发，高稳定性方面有经验者优先；6、具备良好的编码习惯及开发文档书写习惯；7、具有优秀的团队合作和沟通协作能力，善于学习，乐于分享；8、了解或熟悉HTML、CSS、Javascript等前端技术优先广州市天河区翰景路1号金星大厦5楼F-12广州拼吧信息科技有限公司民营公司少于50人,软件工程师PythonJavaCSS,广州市天河区翰景路1号金星大厦5楼F-12
Python线下讲师,易第优（北京）教育咨询股份有限公司广州分公司,0.8-1万/月,周末双休交通补贴餐饮补贴节日福利五险一金专业培训员工旅游,广州-天河区|2年经验|大专|招若干人|03-13发布,岗位职责：1.负责OTO班级日常教学活动和管理2.负责月考实施与教学效果评估3.负责持续提升班级学员满意度4.负责毕业班学员就业支持工作5.负责协助市场渠道部门的工作任职要求：1.1年同岗位工作经验；2.具备计算机软件开发技术相关专业知识；3．熟悉Python相应班级课程技术方向；4.具备良好的人际交往能力、组织协调能力、沟通能力以及解决复杂问题的能力；5.具有优秀的团队领导能力，计划执行能力、责任心、事业心。薪酬福利：1、五险一金：入职即购买社保，转正购买公积金；2、上班时间：8:30--17:30周末双休3、餐饮补贴+交通补贴4、法定假日+节日礼物+员工旅游广州市天河区高唐路237号时代E-park02栋5楼整层易第优（北京）教育咨询股份有限公司广州分公司上市公司500-1000人,软件工程师培训讲师Python讲师老师,广州市天河区高唐路237号时代 E-park 02栋5楼整层
python工程师(人工智能方向）,广州云趣信息科技有限公司,1-2万/月,五险一金周末双休员工旅游餐饮补贴年终奖金弹性工作定期体检节日福利,广州-天河区|3-4年经验|本科|招1人|03-13发布,1、进行数据格式化和预处理，通过脚本实现数据抽取、转换、清洗、格式化、装载等功能；2、基于开源的机器学习、深度学习算法进行算法二次开发和调测；3、能够根据客户需求，进行需求分析，完成软件架构设计、接口设计、详细设计以及相应的开发及测试任务；4、根据项目需求进行后台服务器脚本的开发与维护；5、研究人工智能新兴技术，对产品进行持续优化。1、3年以上Python编程经验，掌握网络操作、文件操作、图像处理、文本数据处理者优先；2、熟悉数据科学和机器学习框架（TensorFlow，Scikit-learn，ApacheSpark/MLlib等）3、掌握Linux系统使用，能够在Linux环境下工作；4、熟悉Mysql数据库开发，有丰富的数据库查询和调优经验;5、熟悉常见的数据结构和算法，熟悉Web系统全栈开发流程；6、良好的编程习惯和英文文档阅读能力；7、责任感强烈，良好的学习能力，良好的团队合作精神。天河软件园建工路4号佳都新太大厦6楼广州云趣信息科技有限公司民营公司150-500人,软件工程师互联网软件开发工程师,天河软件园建工路4号佳都新太大厦6楼
Python爬虫工程师,韩国瓷肌中国区公司,0.8-1.3万/月,员工旅游专业培训定期体检五险一金,广州-天河区|3-4年经验|大专|招2人|03-13发布,天河区珠江新城华夏路30号富力盈通大厦17楼韩国瓷肌中国区公司民营公司500-1000人,高级软件工程师,天河区珠江新城华夏路30号富力盈通大厦17楼
Python开发工程师,广州国交润万交通信息有限公司,0.8-1.2万/月,五险一金员工旅游年终奖金定期体检,广州|1年经验|本科|招若干人|03-13发布,任职要求：1、研究数据挖掘或统计学习领域的前沿技术，并用于实际问题的解决和优化；2、前沿数据挖掘和机器学习算法研究及实现，为各种数据挖掘和机器学习应用研发核心技术；3、参与个性化推荐系统的设计、建模和持续改进。4、参与项目需求分析，业务逻辑流程与设计，文档编写；5、能独立解决实际开发过程碰到的各类问题;6、具有良好的职业素养和职业道德，为人正直诚信、踏实勤勉;岗位要求：1、熟悉Python或Java，有用python或Java进行项目开发的一年以上的经验;2、有AI方向的工作经验;3、熟悉Linux系统以及相关的操作;4、有一年以上的Python或Java项目管理经验优先;5、抗压能力强，工作踏实勤恳，有较强的团队合作精神天河区棠下涌东路400号中科商业大厦401室广州国交润万交通信息有限公司民营公司50-150人,软件工程师,天河区棠下涌东路400号中科商业大厦401室
Python开发工程师,广州市浙泰机电设备贸易有限公司,20-40万/年,,广州-番禺区|5-7年经验|本科|招若干人|03-13发布,1、开发云存储应用程序、管理系统2、开发Python服务端程序3、维护现有软件4、代码Review，检查同组其他成员的代码1、精通Python语言，5年以上Python开发相关工作经验。2、熟悉Java，有Java相关项目经验者优先。3、熟悉linux操作系统、shell脚本编程。4、了解OpenStack、Hadoop者优先。5、有存储系统、文件系统开发相关经验者优先。6、有多线程、高并发服务器开发经验者优先。7、良好代码规范、适当的注释。8、态度良好，有owner精神。番禺区市桥街兴泰路296号番禺基盛万科里西塔BIGO广州市浙泰机电设备贸易有限公司民营公司150-500人,高级软件工程师软件工程师,番禺区市桥街兴泰路296号番禺基盛万科里 西塔BIGO
Python Web开发工程师,东莞市邦邻信息科技有限公司,1-1.5万/月,带薪年假五险一金绩效奖金全勤奖节日福利专业培训交通补贴,东莞|2年经验|本科|招1人|03-13发布,工作职责:1、根据产品需求设计完成服务器架构和模块设计、编码、测试以及文档编写工作2、参与公司业务系统及网站平台的研发3、按照要求完成上级安排的其他工作任职资格:1.熟悉Python编程语言及flask、django等Pythonweb开发框架，最好具有2年以上Python开发经验2.熟悉SQL及熟练使用MySQL，熟悉数据库优化3.熟练使用Linux操作系统，具有一定的Shell编程能力4.有较强的编程能力及规范的编程风格5.乐于学习和分享，又良好的团队合作和沟通能力，拥抱新技术6、大专以上学历，计算机相关专业毕业，2年以上工作经验7、熟悉div+css、html5、js、jquery、ajax等前端技术8、有一定的沟通能力，有强烈的责任心和团队精神，能服从管理，为人踏实、勤奋，有团队意识，执行力强，能够承担较大的工作压力莞城区运河东一路经贸中心184号B座11楼（整层）东莞市邦邻信息科技有限公司民营公司50-150人,Web前端开发Python,莞城区运河东一路经贸中心184号B座11楼（整层）
Python工程师,静瞳海外投资顾问（深圳）有限公司,1-2万/月,五险一金,广州|3-4年经验|本科|招2人|03-13发布,"1.负责人工智能产品技术及预测模型开发；2.通过机器学习，能有效辅助量化策略开发；3.设计及运用先进技术于产品开发。任职资格：1.本科及以上学历，计算机相关专业毕业，本科3年以上工作经验，硕士1年以上工作经验；2.具有扎实的编程及设计功底，精通Python开发编程；3.具有丰富的网络或移动后台搭建与编程经验；熟悉业界内常用的开源工具,如vnpy，spyder，pycharm等，并在不同项目中有实际使用经验；具备良好的分析解决问题能力，能独立承担任务和有项目进度把控能力。高德置地冬广场H座1904-05静瞳海外投资顾问（深圳）有限公司外资（非欧美）50-150人",高级软件工程师计算机辅助设计工程师,高德置地冬广场H座1904-05
Python开发工程师,清华珠三角研究院,1-1.5万/月,做五休二带薪年假五险一金高温补贴餐饮补贴,广州-黄埔区|2年经验|本科|招3人|03-13发布,"岗位职责：1、参与需求分析，产品设计，功能开发；2、负责系统平台的日常维护；3、与团队技术交流，共同进步4、承担Web后端的技术工作，开发和维护网站，主要编程语言是Python。岗位要求：1、有扎实的编程功底，一年以上Python开发经验；2、熟悉MVC架构，精通Django或者其他PythonWeb开发框架者优先；3、具备数据库设计能力，精通掌握MySQL者优先；4、熟悉Linux操作系统，熟悉使用Git,GitLab等工具；5、有大型网络服务开发经验者优先；6、具备良好的编码习惯及开发文档书写习惯；7、具有优秀的团队合作和沟通协作能力，善于学习，乐于分享，能承受较大工作压力；8、有一定的Web前端技能，了解或熟悉HTML、CSS、JavaScript。开源大道11号B10栋清华珠三角研究院事业单位50-150人",高级软件工程师,开源大道11号B10栋
Python高级开发工程师,颉一软件科技有限公司,2.5-3万/月,五险一金交通补贴餐饮补贴通讯补贴绩效奖金年终奖金股票期权弹性工作,广州-天河区|3-4年经验|本科|招4人|03-13发布|计算机科学软件工程,工作要求：1.负责颉一安全监控，超融合数据平台等产品设计和实现，确保效率和智能是未来颉一产品的核心组成部分2.负责开发和单元测试，分析、部署和跟踪云架构领域的新系统3.编写软件工具清理和挖掘大型杂乱的结构化和非结构化数据4.使用大数据架构实现分布式数据接入和敏捷虚拟化任职要求：1.工作积极主动，学习能力强2.计算机科学，计算机工程，数学，或同等的实践经验3.3~5年经验：C/C++/Java/Python（同时有多种经验者优先考虑）4.精通网络编程，熟练使用多进程和多线程5.熟悉数据库技术，Oracle，DB2、SQLServer，Informix、Mysql、PostgreSql精通一种或多种优先6.精通Linux系统结构，并熟练使用各种linux操作系统命令7.具备良好的编程习惯，熟悉DevOps基本流程，熟练使用git等常用质量管理工具8.具备良好的沟通能力和团队合作精神9.条理清晰，注重细节，务实大观中路95号科汇园E座颉一软件科技有限公司民营公司50-150人,高级软件工程师PythonLinuxoracle,大观中路95号科汇园E座
Python爬虫工程师,Fordeal,1.5-3万/月,五险一金餐饮补贴不打卡BAT团队,广州-海珠区|2年经验|本科|招若干人|03-13发布,"职位描述：岗位职责：1、负责设计和开发分布式网络爬虫系统，进行淘宝、1688等电商平台信息的抓取和分析;2、设计爬虫策略和防屏蔽规则，提升网页抓取的效率和质量；3、负责爬虫逻辑的开发，快速响应业务变动。任职要求：1、具有1年以上爬虫开发经验，精通python，熟练使用多线程，熟悉常用的爬虫框架；2、对数据结构和算法设计有较为深刻的理解，具有良好的沟通能力和团队合作意识；3、熟悉正则表达式，Jsoup、XPATH，CSS选择器，能够从结构化和非机构化的数据中获取信息,了解各种Web前端技术，包括HTML／XML／JavaScript／AJAX／JSON等；4、拥抱新技术，有很强的学习能力。广州市海珠区新港东路148号环球贸易中心27楼Fordeal民营公司1000-5000人",软件工程师,广州市海珠区新港东路148号环球贸易中心27楼
python讲师,北京千锋互联科技有限公司广州分公司,2-3万/月,,广州-天河区|2年经验|本科|招1人|03-13发布,"一：岗位职责：1、负责Python课程体系设计和完善；2、负责Python课程爬虫、数据分析、网站开发的讲授；3、完成领导交办的其它工作。任职要求：1.至少2年以上Python编程经验；2.熟练运用Python语言及常用模块；3.熟练django等常用开发框架；4.熟练Mysql,oracle数据库中任何一种；5.熟练HTTP,Javascript,HTML。6.熟练树莓派设备python开发7.熟练python机器学习实战8.精通Linux下Shell、Python两种脚本语言；9.精通基于Linux应用程序的管理和配置，如Tomcat、Redis、Zookeeper、Jdk、Nginx、LVS、FastDFS、GFS等广州市天河区元岗路310号智汇创意园E座501室北京千锋互联科技有限公司广州分公司民营公司150-500人",讲师/助教高级软件工程师python讲师开发工程师,广州市天河区元岗路310号智汇创意园E座501室
python开发工程师（人工智能）,中移互联网有限公司,15-40万/年,五险一金餐饮补贴定期体检通讯补贴专业培训免费班车员工旅游绩效奖金年终奖金交通补贴,广州|2年经验|本科|招1人|03-13发布,"1、负责数据模型建模，设计和开发AI深度学习方面相关应用。2、负责产品上线时服务器的安装/部署/调试/优化。3、协助产品上线后远程解决业务出现的问题。4、负责监控、优化数据库性能，数据备份与恢复,数据迁移。保证服务器安全。1、有良好的计算机技术基础，熟悉常用算法与数据结构；熟悉Linux系统环境搭建，熟练掌握shell。2、深入了解Python环境搭建和语言编写，熟悉深度学习算法、多线程和webservice编程。有项目开发经验优先。3、了解Python数据库开发和常见数据库，熟悉mysql、sqlserver，有相关开发经验。4.2年及以上相关工作经验广州市天河区高唐路333号中国移动南方基地中移互联网有限公司国企500-1000人",高级软件工程师算法工程师python深度学习多线程webservicemysqlsqlserver深度学习模型,广州市天河区高唐路333号中国移动南方基地
Python后台开发工程师,广州游爱网络技术有限公司,7-9千/月,六险一金专业培训绩效奖金年终奖金交通补贴定期体检提供三餐五天工作制,广州|1年经验|大专|招1人|03-13发布,"岗位职责：1.负责游戏后台,开发,优化及维护；2.sdk服务端的接入工作；3.渠道平台开发,维护。职位要求：1.熟悉python编程,一年或以上python游戏后台开发经验；2熟悉django,tornado,web.py等WEB框架；3.掌握前端技术包括html/javascript/css/jquery/ajax；4.熟悉linux系统环境；5.熟悉MYSQL,mongodb,redis等数据库操作,熟练手写sql语句。天河区龙口东路129号龙泽商业大厦19楼广州游爱网络技术有限公司上市公司500-1000人",多媒体/游戏开发工程师pythondjango,天河区龙口东路129号龙泽商业大厦19楼
Python开发工程师(双休）,深圳市德科信息技术有限公司,0.8-1.2万/月,,广州-天河区|1年经验|本科|招3人|03-13发布,负责游戏中UI逻辑开发与维护；任职要求：良好的职业道德，工作积极上进，沟通顺畅；有较好的开发能力，代码编写规范、完备、有条理；有Python或者C/C++相关开发经验者优先；有UI界面开发经验者优先;珠江新城侨鑫国际深圳市德科信息技术有限公司合资1000-5000人,软件工程师,珠江新城侨鑫国际
Python开发工程师,广州市云家居云科技有限公司,0.6-1万/月,五险一金年终奖金专业培训员工旅游,广州-番禺区|1年经验|大专|招3人|03-13发布|英语良好,"任职要求：1、全日制相关专业大专及以上学历，1年及以上相关工作经验；2、熟悉python编程语言，有完整项目经验者优先,能独立完成项目构架;3、能独立完成python模块开发，熟悉python模块编写的一些规范;4、经验具备系统架构设计能力，有独立设计开发项目经验者优先；5、有较强的分析问题与独立解决问题的能力，良好的沟通能力及团队合作精神.职责描述：1．参与公司核心系统项目的开发工作；2．能够根据项目的实际需要，进行技术方案的分析、选型；3．保证系统稳健，代码质量，持续提供改进性建议并且实施【福利简介】1、工作时间：周一至周五9：00～18:00，午休1个半小时，双休日；2、休假：除法定节假日之外，工作一年以上可享受带薪年休假；3、员工依法享受各种国家法定假期（元旦、春节、清明、五一、十一、端午节、中秋节等)；4、每年都有全体员工旅游计划；5、每一位公司正式员工都可享有完善的社会保险福利及年假、婚假、产假等；6、年终双薪。大石街道石北工业路684号（巨大创意产业园）12栋西塔1307广州市云家居云科技有限公司民营公司50-150人",软件工程师Python开发,大石街道石北工业路684号（巨大创意产业园）12栋西塔1307
Python开发工程师,广州寄锦教育科技有限公司,1-1.5万/月,五险一金员工旅游餐饮补贴定期体检绩效奖金,广州-天河区|2年经验|本科|招1人|03-13发布,石牌桥丰兴广场B座2306-2309（太古汇对面）广州寄锦教育科技有限公司民营公司150-500人,软件工程师互联网软件开发工程师python,石牌桥丰兴广场B座2306-2309（太古汇对面）
Python高级软件工程师,广州英荔教育科技有限公司,1.5-2.5万/月,,广州-天河区|3-4年经验|本科|招2人|03-13发布,"1.基于edX开源项目，使用Python语言，Django框架开发功能；2.在线教育网站开发和维护；3.直播平台(教育行业)的开发及维护；4.按照项目计划，按时提交高质量的代码，完成开发任务；5.积极参与工作相关技术的研究。任职资格：1.大专以上学历，2年以上开发经验，一年以上Python开发经验；2.精通LNMP（Python）架构下的程序开发，用Python开发过项目并上线；3.熟悉关系型数据库操作，拥有/Mysql/MongoDB/Memcached/Redis之一的使用经验；4.熟练掌握Django框架，了解jQuery、Smarty,Memcached,Redis、CSS等技术；5.具有Linux/Unix下开发经验；6.具备良好的职业素养和团队协作精神，以及较强的学习和交流能力；7.熟悉Git，有开源项目贡献者优先。中信广场广州英荔教育科技有限公司外资（欧美）50-150人",软件工程师高级软件工程师,中信广场
云平台 python 高级开发工程师,广东紫晶信息存储技术股份有限公司,1.5-2万/月,五险一金出国机会绩效奖金股票期权餐饮补贴补充医疗保险周末双休,广州-番禺区|3-4年经验|本科|招5人|03-13发布,岗位职责：1、开发云存储应用程序、服务端程序及管理系统2、参与云平台系统需求分析，架构设计并提出解决方案3、维护现有软件、代码Review，检查同组其他成员的代码工作要求：*精通Python语言，3年以上Python开发相关工作经验。*熟悉Java，有Java相关项目经验者优先。*熟悉linux操作系统、shell脚本编程。*了解OpenStack、Hadoop等云存储工具者优先。*有存储系统、文件系统开发相关经验者优先。*有多线程、高并发服务器开发经验者优先。*良好代码规范、适当的注释。*态度良好，有owner精神。工作环境及员工福利：1、公司临近地铁，生活交通便利；2、公司为每个员工免费提供午餐，需要加班同事可同样享有晚餐；3、公司不定期组织旅游，打球，聚餐等娱乐活动；4、享有五险一金，带薪年假，节日礼金，免费下午茶等福利；5、提供公平晋升通道；6、工作环境舒适，公司氛围好，同事关系融洽；7、周末双休。广州市番禺区东环街番禺大道北555号天安总部中心23号楼广东紫晶信息存储技术股份有限公司民营公司150-500人,高级软件工程师软件工程师云平台pythonJavaLinux,广州市番禺区东环街番禺大道北555号天安总部中心23号楼
Python高级开发工程师,广州五舟科技股份有限公司,1-1.5万/月,五险一金员工旅游年终奖金定期体检,广州|无工作经验|招若干人|03-13发布,岗位职责：1、承担云平台后台设计与开发工作；2、自动化测试运维平台设计与开发；3、承担大数据系统构建，部署，开发工作。岗位要求：Ansible，或Puppet/Chef背景PythonExtendingMicroservicesRabbitMQ，EtcdHadoop，Zookeeper/EurekaMongoDB，Redis沟通技巧与能力Docker，kubernetes能力广州高新技术产业开发区科学城开源大道11号B1栋第七层广州五舟科技股份有限公司民营公司150-500人,高级软件工程师系统架构设计师,广州高新技术产业开发区科学城开源大道11号B1栋第七层
Python工程师,广东智信信息科技股份有限公司,0.6-1万/月,五险一金交通补贴餐饮补贴通讯补贴专业培训绩效奖金每日7.5小时大小周弹性工作,潮州|2年经验|本科|招2人|03-13发布,1、本科及以上，计算机相关专业，三年以上工作经验；2、精通Python开发，了解机器学习算法；3、熟练使用Restful、django框架；了解Tornado、Flask；4、有良好的算法、数据结构基础及自学能力，有网络爬虫编程经验；5、熟悉zookeeper框架，或者自己实现过一种分布式应用服务；6、熟练使用多线程，多进程等并发方案，了解asyncio等异步框架者优先；7、熟悉Linux系统，掌握mySQL、Redis等数据库技术；8、了解异步框架、集群与负载均衡、消息中间件、容灾备份等技术；湘桥区福安路13号智信大厦广东智信信息科技股份有限公司民营公司50-150人,软件工程师,湘桥区福安路13号智信大厦
Python开发工程师,广州黑胡子游戏开发有限公司,1-1.5万/月,五险一金绩效奖金年终奖金餐饮补贴全勤奖节日福利生日礼金,广州-天河区|3-4年经验|本科|招1人|03-13发布,岗位职责：1、负责公司运维平台的开发，实现运维自动化管理；2、配合原厂完成他们对服务器如阿里云或者aws的权限划分、管理与监控等等；3、参与设计、开发、优化公司各应用系统和运维平台的体系架构；4、运维相关工作的技术支持岗位要求：1、计算机或相关专业，了解Linux，Windows基本操作，三年以上工作经验；2、熟悉Python，使用过Django、flask等应用框架，有过python项目经验者优先考虑；3、对云计算如阿里云、腾讯云、aws有一定的了解；4、有MySQL、redis、Linux基础知识；4、思维敏捷，富有创新精神，具备良好的分析判断能力；5、有良好的沟通能力和学习能力，对工作认真负责积极主动.天河直街30号金中环大厦37层广州黑胡子游戏开发有限公司民营公司150-500人,技术支持/维护工程师djangoREST，JWT,天河直街30号金中环大厦37层
初级Python开发工程师,广州云印信息科技有限公司,6-8千/月,员工旅游餐饮补贴年终奖金弹性工作专业培训,广州-黄埔区|1年经验|大专|招1人|03-13发布,岗位职责：1.负责公司后台应用开发、架构设计等2.参与需求以及技术可行性分析任职要求：1.大专以上学历，计算机、软件工程、自动化等相关专业毕业；2.具备Python开发经验1年以上；3.熟悉Python语言，至少熟悉一种框架，如Flask、Django等；4.熟悉前端的基本调试工具，并熟练掌握HTML5、CSS3、Ajax、vue等Web前端技术；5.熟悉MySQL、Oracle、redis；6.具有良好的代码习惯，结构清晰，命名规范，逻辑性强；7.有良好的团队精神和与客户的沟通能力；8.熟悉网络编程者优先科学城科汇金谷一街14号8楼广州云印信息科技有限公司民营公司50-150人,软件工程师初级Python开发,科学城科汇金谷一街14号8楼
python web  开发工程师,乐荐信息科技（北京）有限公司,1.2-1.5万/月,做五休二周末双休弹性工作带薪年假五险一金节日福利绩效奖金专业培训,广州-天河区|2年经验|本科|招1人|03-13发布,"工作职责:(1)与团队协同工作，致力于Web应用及服务器端HTTP接口开发，构建高性能、高可用性的产品，服务以及支持系统；(2)你将完成程序编制及单元测试，并确保开发过程遵循公司的相关开发规范；(3)你将负责维护并升级完成的程序代码，因为需求会经常变更；(4)与产品及测试团队或其他需要你支持的部门保持良好的沟通；(5)我们可能需要你在压力下工作，以期保证产品服务的开发进度。背景知识及技能要求:(1)熟悉Web应用程序体系结构(LAMP)；(2)具备深厚的面向对象编程经验；(3)精通基于PythonDjango的Web应用开发；(4)具备良好的面向对象程序设计基础；(5)熟悉HTTP协议、HTML规范，了解AJAX技术，深入了解HTML5的特性集；(6)精通基于JQuery的JavaScript程序；(7)熟悉MySQL/PostgreSQL数据库,善用数据库建模工具进行数据库的设计；(8)熟悉Linux服务器系统环境，掌握必要的UnixShell的用法；(9)熟悉Apache服务器的配置；(10)良好的代码书写规范。广东广州天河区体育东路108号创展中心17层1702乐荐信息科技（北京）有限公司民营公司50-150人",互联网软件开发工程师DjangopythonMySQLPostgreSQL,广东 广州 天河区 体育东路108号创展中心17层1702
Python机器学习工程师,广州佰锐网络科技有限公司,1.2-2万/月,周末双休带薪年假五险一金专业培训节日福利绩效奖金,广州|2年经验|本科|招3人|03-13发布,岗位职责：1、负责人工智能机器学习的研究、产品化落地；2、负责公司机器学习相关算法产品，如人脸识别、OCR、TTS等3、负责相关算法模型的设计、训练；任职要求：1.具有一定的深度学习研发背景，熟悉至少一种深度学习框架，如：TensorFlow、Keras、Caffe、Theano、ConvNet、Torch等；2.掌握Python/Matlab/C++语言，在至少一个领域有深入的研究，如：深度神经网络、语义分析、模式识别、机器视觉；3.对有研究开源处理框架，比如opencv、dlib等等，优先考虑；广州市天河区天河软件园建工路9号309、310室广州佰锐网络科技有限公司民营公司50-150人,高级软件工程师互联网软件开发工程师机器学习,广州市天河区天河软件园建工路9号309、310室
Python高级开发工程师（员工宿舍）,广东嘉泰智能技术有限公司,0.8-1万/月,餐饮补贴绩效奖金意外保险员工旅游通讯补贴健身俱乐部社会保险定期团建员工宿舍电脑补贴,佛山-南海区|3-4年经验|本科|招若干人|03-13发布|计算机科学与技术,*员工公寓，无需租房；*工作饭堂，健康饮食；*高新行业，风口起飞；*业绩稳健，更多机会；*专业导师，更快成长；*医保社保，规范管理；*法定假日，生活平衡。方向一初级工程师―中级工程师―高级工程师―专家/顾问―总工程师/合伙人方向二初级工程师―技术主管―技术经理―技术总监―合伙人佛山千灯湖金融高新区夏西国际商务区B4栋4楼嘉泰集团1、广佛线岗站B出口，导航骑分享单车到佛山民间金融街园区B4栋，电梯上4楼；2、广佛线岗站B出口，转公交119、桂04、桂13、桂20，坐2站至“佛山民间金融街”下车步行至B4栋。千灯湖金融高新区夏西国际商务区B4栋4楼嘉泰集团广东嘉泰智能技术有限公司民营公司少于50人,高级软件工程师互联网软件开发工程师工业教育能源python数据库高级工程师,千灯湖金融高新区夏西国际商务区B4栋4楼嘉泰集团
Python开发工程师,广州宝巨信息技术有限公司,0.8-1.5万/月,员工旅游交通补贴五险一金餐饮补贴通讯补贴绩效奖金弹性工作定期体检,广州|2年经验|大专|招若干人|03-13发布,岗位职责：1、负责Python相关项目开发；2、参与编写项目设计与开发文档。职位要求：1、2年以上Python开发经验；2、熟悉常用python库，熟悉各种python框架，了解整个python生态环境；3、熟悉MySQL及MongoDB、redis非关系型数据库、了解Linux操作系统、有良好的代码规范、了解GIT；4、熟悉前端开发技术，熟悉JavaScript，并且熟练使用JQuery框架；5、对缓存有深刻理解，有丰富的MemCache使用经验者优先；6、对OOP、MVC开发方式有深入理解。天河区天河北路689号光大银行大厦1005广州宝巨信息技术有限公司民营公司50-150人,软件工程师互联网软件开发工程师Python,天河区天河北路689号光大银行大厦1005
Python/Django 开发工程师,时互康联健康科技（北京）有限公司（V大夫）,1-2万/月,做五休二带薪年假五险一金加班补贴节日福利绩效奖金专业培训,广州-海珠区|2年经验|本科|招1人|03-13发布,岗位职责1.后（前）端开发2.数据挖掘3.机器学习（推荐算法）4.大数据系统架构规划和搭建技能要求1.基础要求（满足这部分的话，欢迎你来投简历面试，我们给你挑战）：Python/django中小规模项目（前后端）开发经验，系统（服务器和主流数据库）运维经验，喜欢学习，拥有自驱力2.进阶要求（满足这部分的，加入我们来发现自己的梦想）：机器或深度学习、大数据项目，愿意拥抱未知和挑战3.高阶要求（如果你满足这些要求，赶快来一起合并梦想）：熟悉推荐（文本/音频/视频）算法，拥有创业梦想，愿意投入未来3～5年在同一领域深耕职位诱惑：成长型产品驱动创业公司，正能量良师益友，舒适的工作环境，个人发展空间巨大TIT创意园时互康联健康科技（北京）有限公司（V大夫）外资（非欧美）150-500人,软件工程师,TIT创意园
Python开发工程师,广州掌昆网络科技有限公司,1-1.5万/月,节日福利包三餐全勤奖周末双休带薪年假六险一金绩效奖金年终双薪年终奖金旅游体检,广州-海珠区|2年经验|本科|招1人|03-13发布,"1、负责面向用户层web服务开发(微信公众号/pc移动官网等)2、进行相关产品的技术文档编写,使用说明1、计算机本科相关专业，2年以上pythonweb开发经验2、熟练使用mysql/pg，redis3、熟悉django/flask框架4、有责任心，良好学习能力和团队协作能力，善于思考者优先5、责任心强，能扛压，对数据敏感，对游戏行业有一定了解福利看这里<^_^>入职：免费体检、即购买六险一金上班：朝九晚六、双休真弹性时间节日：法定假日、不止惊喜伴手礼薪资：年终双薪、绩效和年终奖金饮食：下午茶、包午晚餐、零食柜团队：月团建、年旅游、体育运动卡氛围：温馨简单、扁平化管理爱学习快加入我们吧！带你玩转游戏的海洋，并且收获一群可爱的小伙伴！琶洲保利中悦广场36楼02房广州掌昆网络科技有限公司民营公司50-150人",互联网软件开发工程师软件工程师pythonweb服务端,琶洲保利中悦广场36楼02房
python,广州宇创天成科技有限公司,1-2万/月,五险一金弹性工作年终奖金员工旅游,广州-天河区|3-4年经验|大专|招若干人|03-13发布,5.熟悉分布式系统的设计及应用，如分布式缓存、消息队列、负载均衡等机制天河区五山路金山大厦北塔2409广州宇创天成科技有限公司创业公司少于50人,高级软件工程师软件工程师javapythonC++PHP后端后台开发,天河区五山路金山大厦北塔2409
Python开发工程师,广州诚予国际市场信息研究有限公司,0.5-1万/月,五险一金员工旅游年终奖金定期体检通讯补贴餐饮补贴,广州|无工作经验|本科|招若干人|03-13发布,广州市越秀区东风东路767号东宝大厦1202-1206室广州诚予国际市场信息研究有限公司民营公司50-150人,Web前端开发系统分析员,广州市越秀区东风东路767号东宝大厦1202-1206室
Python开发工程师,广州市玄武无线科技股份有限公司,1.5-2万/月,五险一金员工旅游餐饮补贴弹性工作年终奖金定期体检,广州|2年经验|本科|招1人|03-13发布,"职位描述：1、负责Python相关平台开发，按照软件需求编写详细设计、代码及相关技术文档；2、对反馈的项目缺陷进行定位、跟踪、调试和修复；3、能独立完成业务模块的开发；4、代码、文档按时提交公司的配置库；5、完成上级临时分派的相关事务。岗位要求：1、精通python，熟练使用python面向对象、多线程、mysql等数据库编程。2、熟练使用numpy,pandas,matplotlib进行科学计算，了解python数据分析和OpenCV图像处理库。3、掌握Restfulapi接口封装。4、熟悉tensorflow等机器学习工具者优先。6、本科及以上学历，2年以上开发工作经验。天河区体育西路维多利广场B座19、32、33层广州市玄武无线科技股份有限公司上市公司500-1000人",软件工程师python面向对象多线程mysql,天河区体育西路维多利广场B座19、32、33层
Python数据工程师,上海珑享商贸有限公司广州分公司,1.5-2万/月,五险一金年终奖金员工旅游定期体检绩效奖金专业培训周末双休台湾软件团队,广州-海珠区|3-4年经验|大专|招3人|03-13发布|英语一般,"Foundedin2013,Juvo+(www.juvoplus.com)hasgrownrapidlytobecomeofthefastestgrowingandprofitableE-CommerceretailersinNorthAmerica.WeareheadquarteredinLosAngeles,CaliforniawithofficesinTaipeiandGuangzhou&Yiwu,China.In2017,witha3yearsalesgrowthof1,640%,Inc.MagazinerecognizedJuvo+asthe267thfastestgrowingcompanyand15thfastestgrowingretailcompanyinNorthAmerica.成立于2013年的Juvo+（www.juvoplus.com）迅速发展成为北美增长最快、利润最丰厚的电子商务零售商。我们总部设在加利福尼亚州的洛杉矶，在台北、广州和义乌设有办事处。过去3年公司的销售额增长了1640%。因此，在2017年，被Inc.杂志认可为北美第267家增长最快的公司和第15家增长最快的零售公司。DataEngineeringteamisthecoreofourcompany:wecollect/process/store/manageallthedataandperformanalysisbyusingprogrammingalgorithms,machinelearningmodels,andAItoachieveourbusinesstarget.Ourengineersworkcloselywithanalystsandoperationstounderstandbusinessstrategyandpainpoints,thenprovidetechnicalsolutionstoscalethebusiness.数据工程师团队是我们公司的核心：我们通过使用编程算法、机器学习模型和人工智能来实现我们的业务目标，收集/处理/存储/管理所有数据并执行分析来达到业务目标。我们的工程师与分析师和操作人员紧密合作，了解业务策略和痛点，通过提供技术解决方案来扩大业务规模。Responsibility岗位职责:1.Connectbusinessandtechnology:discoverneedsandtranslatetotechnicalsolution.连接业务和技术部门：发现需求并转化为技术解决方案2.Integrate/Build/ImplementBusinessautomationand/orBItools/programstomakebusinessmorescale-able.整合/构建/实现业务自动化和/或BI工具/程序，使业务进一步扩展3.CollectdatathroughAPIand/orCrawling.通过API和/或爬取收集数据4.Process/Cleandataanddataminingtofulfillanalytictargets/needs.处理/清理/挖掘数据以满足分析目标/需求5.Developmachinelearning(ML)andartificialintelligent(AI)toolstosolveecommerce/supplychainrelatedbusinessproblems.开发机器学习（ML）和人工智能（AI）工具来解决跨境电商及其供应链等业务问题.Qualification任职要求：1.ComputerSentience,Engineeringorrelateddegreeand/orequivalentworkingexperience.计算机科学、工程或相关学位和/或同等工作经验2.5yearsexperienceaboveinSoftwareEngineerorDataEngineerorrelatedjobs.5年以上软件工程师或数据工程师或相关工作经验3.Experienceinfollowingtechnicalarea(atleastone):dataprocessing,ERP/CRMsystemimplementation,datawarehouse,businessreporting，3rdpartyAPIapplication,具备以下技术领域的经验（至少一个）：数据处理、ERP/CRM系统实现、数据仓库，业务数据报表,第三方API接口。4.(Optional)MachineLearning(ML)/DeepLearning(DL)/salesforecastingdevelopmentandmodelanalysisexperience.（可选）机器学习（ML）/深度学习（DL）/销售预测的开发和模型分析经验5.Goodcommunication,problemsolvingskillswithlogicalandanalyticmindset,technologylover具有逻辑分析思维的良好解决问题能力和沟通能力，热爱技术6.FamiliarwithLinuxenvironmentandshellscripting,goodhandsonexperience.熟悉Linux环境/系统和shell编程，良好的动手能力7.Abletounderstand/articulatethefollowingdomainarea:(atleastone):E-commerce,SupplyChain,DigitalMarketing,Finance.能够理解/清晰以下业务领域：（至少一个领域）：电子商务、供应链、数字营销、财务8.GoodenoughinEnglishwritingandreading基本的英语的书面和阅读能力琶洲大道东八号广州国际采购中心上海珑享商贸有限公司广州分公司外资（欧美）50-150人",数据库工程师/管理员大数据开发/分析软件工程师python数据挖掘数据清洗datascience,琶洲大道东八号广州国际采购中心
初级产品开发工程师（java/python）,金财互联数据服务有限公司,0.6-1万/月,五险一金免费班车通讯补贴绩效奖金年终奖金带薪年假周末双休节假日福利上市公司帅哥美女多,广州|1年经验|本科|招1人|03-13发布,"岗位职责：1、负责智能化产品的开发、运维。2、与产品经理保持良好沟通，能对产品提出合理化建议，保证产品的开发进度。任职要求：1、应用数学、计算机应用、计量学等相关专业，本科以上学历,优秀的应届毕业生即可。2、专业基础知识扎实，至少掌握一种计算机开发语言，如,JAVA、python等，熟悉建模工具优先。3、具有较好的逻辑思维能力，较好的分析、概括、总结能力。4、具有良好的学习能力，可快速学习和研究新技术以满足产品的需求。5、具有较好的沟通能力、团队协作能力、较强的责任心解决问题。福利待遇：1、薪酬：有竞争力的薪酬体系，我们不止跟你谈理想，钱也必须谈一谈~2、交通：无论天涯，免费班车直达公司，蓦然回首，地铁就在公司不远处。。。3、工作时间：5天7小时工作制，充足的休息让你一整天元气满满！4、各种福利：五险一金小case，节日礼物福利补贴说不完！5、团建活动：定期团队活动，每月部门聚餐，经费充足不差钱，大公司就是这么壕！6、发展平台：想要升职加薪走向人生巅峰？上市公司晋升发展机会多多~广州科学城科学大道82-88号（双号）绿地中央广场C3栋金财互联数据服务有限公司民营公司1000-5000人",软件工程师javapython,广州科学城科学大道82-88号（双号）绿地中央广场C3栋
Python讲师,湖南潭州教育网络科技有限公司广州分公司,5-9千/月,五险一金员工旅游交通补贴绩效奖金年终奖金专业培训出国机会,广州-天河区|无工作经验|大专|招10人|03-13发布,【我们是谁？】我们是一家做了12年覆盖全球的互联网教育公司。【我们需要谁】python讲师1、讲师根据课程安排，通过直播渠道直播公开课；2、自行准备教案，优化课程大纲内容；3、活跃课堂氛围，高质量完成日常授课任务；4、参与课程项目研发；5、配合教研员完成相关的教学资料（实训大纲、教学PPT、教学用书、教学案例等）的研发工作；【我们需要什么样的你】1.大专及以上学历，计算机专业经验优先；2.能够调动课堂气氛，激发学员对原画浓厚的报名兴趣，擅长人际沟通，观察和表达能力强，讲课生动；3.吃苦耐劳，抗压能力强；4.语言表达流利，具有一定的演讲和宣传能力；【你关心的待遇】无责底薪5K-10K+业绩提成+五险一金+每天两顿工作餐(只要你能力够强，薪资多少你来定!)月休4天，法定节假日休息；完善的培训体系，专业的带薪培训，全面提升个人能力！【我们有什么】十二年悠久发展历史，总公司+分公司共3000+人规模，领先于同行业的优质资源和广阔平台；高级商务写字楼，环境舒适，靠近地铁站，交通便利；【前途如何】部门领导都是行业老手，姿势多，经验丰富。只要你愿意努力愿意学，毕生绝学全部教教教！广州市天河区东圃地铁站B出口创境汇盈科智谷2幢六楼606湖南潭州教育网络科技有限公司广州分公司民营公司,软件工程师pythonweb开发计算机,广州市天河区东圃地铁站B出口创境汇盈科智谷2幢六楼606
Python开发工程师,广东昱辉通信技术有限公司,0.8-1.5万/月,五险一金员工旅游定期体检年终奖金,广州|1年经验|大专|招2人|03-13发布,岗位职责：1、负责系统日常维护，保证系统正常运作；2、负责日常数据采集、数据处理；3、调试部署sftp的python采集脚本；4、跟踪、处理系统异常数据，分析系统异常数据产生的原因，提出消除异常数据的解决方案。任职要求：1、大专及以上学历，电信行业背景者优先；2、熟悉python、shell脚本；3、熟悉Oracle/mysql数据库的安装，了解oraclerac集群概念；4、熟悉Redhat/CentOS/Windows/HP-unix操作系统日常使用命令；5、熟悉apache/tomcat/jboss/was中间件的部署；6、了解hive基本操作；越秀区中山二路18号电信广场广东昱辉通信技术有限公司民营公司150-500人,技术支持/维护工程师,越秀区中山二路18号电信广场
Python开发工程师,南京华苏科技有限公司,1.5-2万/月,五险一金弹性工作定期体检通讯补贴绩效奖金年终奖金员工旅游,广州|2年经验|本科|招1人|03-13发布,职位信息1、设计技术方案和系统架构，重构已有不完善的系统；2、编写系统核心代码，解决开发中的疑难问题；3、将来承担重要系统模块的维护工作，保证系统服务的稳定可靠；任职要求：1、2年及以上Python服务端开发经验，有相关工作经验；2、本科以上学历；熟悉Java，对多线程要有一定的了解；3、愿意承担一部分测试和文档的工作优先考虑；3、熟练运用Flask/Django/tornado等框架，实际开发过项目的优先；4、熟悉常用的存储技术，如MySQL、Redis、Postgresql等，能根据业务需求设计性能良好、扩展性高、稳定可靠的数据存储结构；5、熟悉Linux、docker服务部署及优化，理解负载均衡和网络调优优先。天河区科韵路16号广州信息港B座南京华苏科技有限公司民营公司1000-5000人,软件工程师,天河区科韵路16号广州信息港B座
Python/人工智能算法工程师,广州市西美信息科技有限公司,1-2.5万/月,五险一金餐饮补贴绩效奖金年终奖金周末双休下午茶时间专业培训,广州|2年经验|本科|招若干人|03-13发布|英语良好,1.进行人工智能/机器学习等相关领域的研究与技术开发工作。2.参与项目需求分析，进行需求文档等相关技术文档的撰写。3.根据业务需求进行建模，并开发人工智能等相关的算法程序，解决实际业务问题。4.负责算法在产品中的落地与实施，支持相关模块开发.5.负责自然语言处理、图像识别与处理等技术研发；6.参与核心代码的书写，解决项目开发过程中的技术问题；岗位要求:1.具备扎实的机器学习理论及技术基础，熟悉各种相关性算法，有相关建模经验。2.熟悉hadoop、spark等大数据处理工具，有人工智能相关项目开发经验优先。3.1年以上人工智能领域工作经验，主导过自然语言处理、计算机视觉等领域的产品设计和研发；4、精通人工智能领域的关键技术和架构设计，精通迁移化学习、知识图谱、特征提取、人脸识别、问答系统、人机交互等技术中一种或多种；5、熟悉Tensorflow/Caffe/pytorch等常用深度学习框架中一种或多种；6、精通基础数据挖掘、机器学习算法，熟练掌握Python。我们为您提供：竞争力的薪酬：岗位工资+午餐补贴+交通补贴+年终奖+优秀员工奖完善的福利：养老保险+医疗保险+工伤保险+失业保险+生育保险+公积金员工假期：周末双休+带薪年假+法定公众假期+婚假+产假+陪产假+病假等个人发展及额外福利：定制性的培训计划+不定期的内、外部培训部门活动+不定期旅游+电影/英语沙龙+党支部活动+运动会+知识竞赛+每周羽毛球活动等给予优秀员工出国培训学习的机会公司提供咖啡、冰箱与微波炉，有专人为员工热饭欢迎各有志之士与公司共创下一个辉煌十年！越秀区先烈中路80号汇华商贸大厦17楼广州市西美信息科技有限公司民营公司50-150人,算法工程师高级软件工程师人工智能算法工程师软件开发代码大数据计算机图像识别AIpython,越秀区先烈中路80号汇华商贸大厦17楼
Python数据处理开发工程师,广州算易软件科技有限公司,0.6-1万/月,五险一金员工旅游年终奖金项目奖金,广州-海珠区|无工作经验|本科|招1人|03-13发布,岗位职责：1、参与文本数据处理，数据格式化，数据清洗等;2、根据数据需求，完成数据添加。任职要求:1、本科以上学历，计算机相关专业，优秀实习生也可考虑；2、精通Python语言，熟悉数据处理；3、熟悉Pandas、Excel的使用；4、做事积极主动，具备良好的代码风格和学习能力，团队合作精神;5、熟悉elasticsearch优先考虑。暄悦东街81号保利叁悦广场C塔809室广州算易软件科技有限公司民营公司50-150人,数据库工程师/管理员计算机辅助设计工程师Python数据处理数据清洗数据分析,暄悦东街81号保利叁悦广场C塔809室
Python开发工程师,美亚商旅集团,0.6-1.2万/月,五险一金员工旅游绩效奖金年底双薪带薪年假专业培训定期体检,广州-海珠区|2年经验|大专|招1人|03-13发布,"1、参与产品需求的讨论，编写相应的设计文档。2、独立完成模块的开发工作，并保质代码的质量。3、对生产系统产生的需求和问题快速响应。任职要求：1.1年上服务端研发经验，至少1年Python程序开发经验，熟悉至少两种或以上服务端编程语言，熟练使用Python。2.至少一年以上研发团队管理经验。3.熟悉Django、Flask、Tornado等主流web开发框架，有丰富的WebSocket编程经验。4.熟悉MySQL、PostgreSQL等主流开源关系数据库及Redis、activemq等常见缓存及消息队列中间件。5.对网络编程有深刻的理解，有高并发编程经验，熟练使用asyncio,gevent。6.了解现代前端研发生态，在前后端协作中能起协调指导作用。【美亚提供】1、薪酬：综合薪资6-12k（基本工资+岗位工资+绩效工资等），年终双薪；2、专业培训：多元化的培训课程，为每位新入职员工提供系统的技能培训、职业培训、户外拓展；3、福利待遇：五险一金/绩效奖金/全勤奖/年终奖/员工体检/企业文化活动/拓展培训/优秀团队活动经费/大型年会/员工旅游/节日礼物/下午茶等；4、假期：带薪年假（5-10天）、国家法定节假日、婚假、产假、丧假等。广州大道368号大厦美亚商旅集团民营公司500-1000人",软件工程师互联网软件开发工程师Pythonweb开发MySQL,广州大道368号大厦
Python web工程师,广州穗通金融服务有限公司,0.5-1万/月,五险一金补充医疗保险补充公积金免费班车员工旅游年终奖金绩效奖金出国机会餐饮补贴定期体检,广州-天河区|1年经验|大专|招1人|03-13发布,任职资格：1、大专以上学历，计算机、数学相关专业；2、精通Python开发语言，有编码工作经验，熟练掌握Pycharm等开发工具；3、精通Web前端技术，HTML4/5、CSS2/3、JavaScript/TypeScript、Angular、Ionic；4、熟练使用Linux、Nginx、MySql等；5、热爱计算机编程工作，思维逻辑性，善于团队合作。岗位职责：负责旅馆业（智慧旅业、平安旅业）相关产品的研发、技术设计、单元测试及技术支持等工作。高唐路232号（自编穗通大楼）广州穗通金融服务有限公司国企500-1000人,软件工程师,高唐路232号（自编穗通大楼）
python开发工程师,图创集团,10-14万/年,五险一金员工旅游交通补贴年终奖金绩效奖金出国机会专业培训弹性工作定期体检节日福利,广州-黄埔区|1年经验|大专|招若干人|03-13发布|普通话,岗位职责1.负责公司基于Odoo的IT系统的流程设计开发2.参与公司现有系统向Odoo框架的迁移方案设计3.负责相关需求及设计文档的编写4.参与公司现有业务的python开发任职资格1.1年以上开发工作经验，有网站项目开发经验，或通讯类的开发经验2.熟悉Linux/Unix操作系统以及编程环境3.熟悉HTTP协议，熟悉Mysql或者PostgreSQL数据库，并熟悉SQL调优和数据库。结构设计4.熟悉Python语言的开发，熟悉Python下的Web开发方式5.具备OOP编程思想，了解设计模式，有命令行下开发经验，熟悉Python开发方法6.熟练掌握HTML/XHTML、CSS、Javascript、AJAX、JSON等Web页面技术7.有良好的代码习惯和技术文档书写习惯8.熟悉Odoo的优先考虑科学城科学大道科汇金谷一街五号金升阳大厦2楼图创集团民营公司150-500人,互联网软件开发工程师软件工程师,科学城科学大道科汇金谷一街五号金升阳大厦2楼
爬虫Python工程师,广东骆驼户外用品有限公司,0.8-1万/月,免费班车员工旅游绩效奖金,广州-白云区|3-4年经验|本科|招1人|03-13发布,【岗位职责】1负责企业办公类产品的开发工作，参与架构设计、系统分析，项目编码，单元测试，Bug修改；2按照开发流程编写相应模块的设计文档；3解决研发过程中的关键问题和技术难题；【任职要求】1.精通ASP.NET、C#开发语言，熟悉HTTP、TCP协议；2.精通.netframework、.netcore框架，精通MVC开发框架，3年以上B/S、C/S相关的开发经验；3.精通Html、CSS、JavaScript、Jquery、nodeJS、BootStrap等前端开发技术；4.熟练掌握和运用关系型数据库Oracle或SQLServer；5.遵循良好的编程规范，对编写高质量、高性能代码有较高追求；6.善于沟通，具备良好的团队意识、协作精神及高度责任心；7.写代爬虫程序优先考虑;广州市白云区石槎路396号骆驼大厦广东骆驼户外用品有限公司民营公司1000-5000人,信息技术专员Python,广州市白云区石槎路396号骆驼大厦
Python开发工程师,深圳车事易汽车科技服务有限公司,1.5-2万/月,专业培训绩效奖金全勤奖提供员工宿舍员工旅游五险一金年终奖金,广州-番禺区|无工作经验|招1人|03-13发布,"1、前端能力要求：熟悉HTML(5)/CSS(3)/Javascript，独立使用前端Vue/React任何一个开发过项目，独立玩过微信小程序。2、热爱Python，三年以上python独立开发经验。熟悉Django,Tornado,Flask框架中的至少一种。3、熟悉Linux，熟悉MySQL/Redis/Memcached4、懂得欣赏肯定团队成员，写的代码别人看得懂，有写测试的习惯。南村镇东兴工业区7号深圳车事易汽车科技服务有限公司民营公司150-500人",软件工程师python爬虫Python工程师DjangoTornadoFlask,南村镇东兴工业区7号
Python爬虫工程师,广东赛百威信息科技有限公司,6-9千/月,五险一金免费班车员工旅游餐饮补贴专业培训绩效奖金年终奖金周末双休,广州-黄埔区|3-4年经验|本科|招1人|03-13发布,岗位职责：1、负责根据公司项目业务需求，获取相关数据；2、熟悉爬虫技术，可以深度爬取网页；3、对反爬虫机制有一定研究，熟悉反爬虫技术；4、负责系统代码撰写及日常管理工作。任职要求：1、计算机相关专业本科及以上学历，3年以上软件开发经验、1年以上Python开发经验；2、熟悉项目管理，有获取电商数据经验者优先；3、熟练运用Python或爬虫相关语言Java、Python、nodejs；5、熟悉mysql、mongodb、redis等数据库的使用；6、7、责任心强，虚心踏实，有良好的团队精神，良好的表达沟通能力广州市萝岗区科学城彩频路11号广东软件园F栋12-13楼广东赛百威信息科技有限公司民营公司150-500人,软件工程师算法工程师爬虫Python,广州市萝岗区科学城彩频路11号广东软件园F栋12-13楼
python工程师（爬虫方向）,玛姿宝（中国）有限公司,1.1-1.5万/月,绩效奖金年终奖金员工旅游差旅补贴月度奖金法定节假日全勤奖午餐补助交通住房补贴五险,广州-番禺区|3-4年经验|本科|招2人|03-13发布,"1.负责设计和开发分布式网络爬虫系统，进行淘宝、小红书等电商平台信息的抓取和分析。2.负责数据的抓取、解析、清洗、入库。3.负责爬虫逻辑的开发，快速响应业务变动，并持续优化系统，提高系统的稳定性。4.其他Python工具算法实现。5.与产品部门和上级沟通，确保数据的准确性，及时性和效率性。岗位要求：1.本科及以上学历，具有2年以上爬虫开发经验，精通python，熟练使用多线程，熟悉常用的爬虫框架。2.对数据结构和算法设计有较为深刻的理解，具有良好的沟通能力和团队合作意识,重视且能独立撰写技术文档。3.熟悉常用数据结构及算法，熟悉HTTP协议，精通爬虫相关技术，如：httpClient/jSoup/xpath/正则表达式/验证码加密处理/代理池等。4.爬取PC网页端和手机app的数据，能使用fiddler、mitmproxy进行抓包。5.熟练Mysql，redis，mongdb等数据库，有过数据库调优和海量数据存储经验优先。6.熟悉使用appium或者按键精灵等其他自动操作工具中的一种。7.思维敏捷，逻辑清晰，有较强的分析和解决问题的能力。石楼镇华山路22号华南艺术园玛姿宝（中国）总部玛姿宝（中国）有限公司外资（非欧美）150-500人",高级软件工程师软件工程师python工程师爬虫软件工程师算法工程师,石楼镇华山路22号 华南艺术园玛姿宝（中国）总部
Python开发工程师,云舟生物科技（广州）有限公司,0.7-1万/月,五险一金免费班车员工旅游餐饮补贴专业培训绩效奖金年终奖金定期体检,广州-黄埔区|1年经验|大专|招3人|03-13发布|计算机科学与技术计算机工程,"岗位职责：1、参与需求分析，产品设计，功能开发；2、负责系统平台的日常维护；3、与团队技术交流，共同进步；4、承担Web后端的技术工作，开发和维护网站，主要编程语言是Python。任职要求：1、有扎实的编程功底，一年以上Python开发经验；2、熟悉MVC架构，精通Django或者其他PythonWeb开发框架者优先；3、具备数据库设计能力，精通掌握MySQL者优先；4、熟悉Linux操作系统，熟悉使用Git,GitLab等工具；5、有大型网络服务开发经验者优先；6、具备良好的编码习惯及开发文档书写习惯；7、具有优秀的团队合作和沟通协作能力，善于学习，乐于分享，能承受较大工作压力；8、有一定的Web前端技能，了解或熟悉HTML、CSS、JavaScript；公司福利：为员工办理社保、医保等5种保险以及住房公积金；餐费补贴指定线路的上班班车；公司定期举行各类员工活动等。掬泉路3号国际企业孵化器D区3层云舟生物科技（广州）有限公司外资（欧美）150-500人",软件工程师系统开发数据库设计Python双休年终奖公积金,掬泉路3号国际企业孵化器D区3层
Python应用工程师（业务系统方向）,广州逗号智能科技有限公司,1-1.8万/月,五险一金餐饮补贴弹性工作周末双休双地铁免费班车定期体检,广州-海珠区|3-4年经验|本科|招1人|03-13发布,岗位职责：1.负责公司业务平台及嵌入式系统的应用开发；2.参与需求分析，进行大数据相关应用软件相关的设计、开发、调试、测试等；3.与硬件工程师及后端工程师调试。岗位要求：1、熟练掌握基础数据结构和python语言；2、3年以上服务器端或嵌入式开发经历；3、熟悉常用的开源web框架，如tornado，flask，django等；4、熟悉数据库技术，mysql、mongodb、redis，熟悉Nginx等应用服务器软件；5、深刻理解Web应用相关的标准，网络通信协议和网络安全的***实践；6、扎实的计算机科学基础知识，熟悉操作系统，数据库、常见数据结构和算法，以及软件设计实践；7、熟悉Linux/Unix操作系统。广州市海珠区琶洲大道83号宝地广场302房广州逗号智能科技有限公司民营公司50-150人,软件工程师系统工程师软件工程师Python嵌入式系统大数据后端调试Web框架数据库,广州市海珠区琶洲大道83号宝地广场302房
Python高级开发工程师,广州伟宏智能科技有限公司,1-2万/月,五险一金员工旅游交通补贴餐饮补贴专业培训绩效奖金年终奖金股票期权定期体检,广州-天河区|2年经验|本科|招5人|03-13发布|信息与计算科学软件工程,"1.负责公司产品框架设计、开发；2.根据产品需求制定技术方案和项目开发计划；3.具备较强的业务分析能力和团队管理能力，能独立或协助项目成员解决项目的各项技术难题；4.对公司产品研发质量负责，能够按时按质完成产品交付。任职要求：1、硕士及以上学历（优秀的本科学历也可），计算机相关专业毕业,3年及以上开发经验；2.3年以上相关工作经验，至少2年以上Python编程经验，使用Python开发过大型系统经验者优先；3.精通Python语言，熟悉Python多进程应用开发，熟悉django、flask等网络开发框架；4.熟悉TCP/IP网络协议,熟悉Linux操作系统；5.对新技术有强烈的探索欲望，责任心强，善于团队合作与管理，能够承受工作压力，有强烈的责任心；6.有大数据、人工智能开发经验优先。广州市天河区车陂启明大街93号安定广场B401-404广州伟宏智能科技有限公司民营公司50-150人",高级软件工程师算法工程师Python开发,广州市天河区车陂启明大街93号安定广场B401-404
python开发工程师（东莞）,深圳泽派信息技术有限公司,4.5-8千/月,五险一金餐补补贴住房补贴专业培训绩效奖金年底双薪弹性工作员工旅游定期体检下午茶,东莞-南城区|无工作经验|大专|招2人|03-13发布,南城科技大厦深圳泽派信息技术有限公司民营公司150-500人,互联网软件开发工程师软件工程师pythonpython开发开发工程师软件工程师程序员,南城科技大厦
Python开发工程师,佛山市顺德区思翔网络科技有限公司,1.2-1.8万/月,五险一金员工旅游年终奖金绩效奖金专业培训定期体检带薪年假节日福利全勤奖,广州-天河区|5-7年经验|大专|招1人|03-13发布,"互联网家居建材平台的后端的开发、测试，部署和迭代二、岗位要求：1、有扎实的计算机功底，如算法和数据结构等，对编程有热情2、熟悉互联网产品和服务的开发过程3、对Web后端技术架构和数据库有基本的理解，Django为主4、有一定的Web前端技能，包括HTML/CSS/JavaScript5、熟悉常用数据库和优化。6、了解Linux基本部署.7、有良好的团队合作精神，对工作，产出和自己的代码有责任感，有较好的沟通能力，熟悉PythonPEP8代码规范。8、熟练使用Git和PullRequest流程9、使用Google作为默认搜索引擎1、有GitHub账号2、乐于交流分享，如在Stackoverflowsegmentfault等技术论坛上做过分享更佳3、对代码质量有洁癖，习惯做CodeReview4、对Scrum、TDD有自己的理解5、良好的自我管理者，会对自己做时间管理或使用效率软件来提高自己的工作6、你推崇工程师文化和Geek的精神・懂简洁，崇尚简洁・更倾向于使用设计优良的产品（Mac,iPhone,Dropbox,Basecamp,Gmail,ThepreviousversionofFlickr,Instagrame.g.）咱们扮家家2010年正式运作，旗下网站日均2~3万IP，PV高达30万，从平面设计到UI/UX再到前端后台，都是由咱们公司小伙伴自主研发，完善维护，咱们平台业务发展迅猛，并日臻成熟，故公司决定在广州成立分部，开拓市场，急需有能力有水平有想法的你加入，这里有广阔的平台供你施展哦！我们提供1、优越的地理环境，广州东站，仅需三分钟即可到达地铁口，而且还有小清新的办公环境，简单、开放、快乐、透明的工作气氛；2、灵活的调薪－晋升机制，满足你的发展欲望；3、办公室配置冰箱、消毒柜、烤箱、饮水机、养生壶、面包机等满足大家生活的需要；4、定期专业培训与交流、老板带头培训、年度自选旅游、年底福利红包、年终轰趴大抽奖也不会少！5、年轻有活力的团队，高大上的团队建设，水果下午茶不定时提供，让大家保持精力充沛和心情愉悦~^_^1、年龄不必老，但专业技能必须砖家级以上，大师级加分，宗师级满分！2、脱肉穿瘦的***优先，大波长腿的萌妹优先，兼容***女***，绿茶婊滚粗~3、熟悉室内设计行业，或者了解互联网电商运营的加分；4、篮球、羽毛球、乒乓球打得好加分，有***朋友的优先！5、有作品，并附上高清靓照无疑是加血槽的！1、专业不如兴趣重要，表现不如学习，吹逼不如执行重要；2、薪资需要面议，这里只做有趣的事情和有价值的付出，对哪方面感兴趣，可以调整方向去尝试，你的创意和梦想可以在这里实现。现在就抓住好机会吧！一支好玩、有激情、有腔调的团队，正在发声，我们在找你！(づ￣3￣)づ注：因为太方便了，请自行查地铁/公交线路吧...地址（佛山总公司）：佛山市顺德区容桂百昌后街24号趣逸居（思翔网络）地址（广州分公司）：广州市番禺区石基镇官涌村官南永工业路2栋天河区林和西路155号（保利中汇广场B座2814）佛山市顺德区思翔网络科技有限公司民营公司150-500人",高级软件工程师Python开发高级工程师,天河区林和西路155号（保利中汇广场B座2814）
Python后端软件web开发（数湖）,中科云智孵化器,0.8-1.2万/月,做五休二周末双休带薪年假节日福利绩效奖金津贴五险一金,东莞|2年经验|本科|招1人|03-13发布|软件工程计算机科学与技术,岗位职责：负责WEB平台后端开发任职资格：1）本科以上学历，具备1-3年开发经验者优先；2）计算机科学与技术、软件工程等相关专业；3）精通Linux系统，网络，存储，了解云计算和大数据技术；4）熟练掌握C、C++、Python语言开发；5）英语四级以上。此招聘信息为中科云智***科技企业孵化器在孵企业：数湖信息技术（东莞）有限公司（简称“数湖”）。数湖是一家致力于服务智能制造产业升级的创新型科技公司，团队硕士以上学历技术工程师超过80%，主要为企业提供基于云计算SaaS服务的第三代工业虚拟仿真基础软件，借助大数据、人工智能、工业物联网等新兴技术手段，帮助企业优化从产品设计到工艺开发，再到生产制造的全数字化流程，更快响应市场变化，从而驱动企业实现产品和业务的颠覆性创新。注：我司符合松山湖《东莞松山湖（生态园）新引进人才生活补贴暂行规定》，17届及18届毕业的全日制本科及以上学历毕业生入职我司转正后即可享受松山湖新引进人才补贴，具体补贴情况如下：本科：2500元/月，补贴6个月，分两期发放，每季度发放一期硕士/博士研究生：2500元/月，补贴1年，分四期发放，每季度发放一期对于工作满一年且落户试验区的博士以上（含博士）人才，再一次性补贴50000元/人的安家补贴。松山湖高新技术开发区科汇路1号中科院云计算中心大厦中科云智孵化器事业单位50-150人,互联网软件开发工程师后端web开发,松山湖高新技术开发区科汇路1号中科院云计算中心大厦
Python高级工程师/工程师(职位编号：mds13),海南君莱药业有限公司,1.2-1.8万/月,五险一金员工旅游交通补贴餐饮补贴通讯补贴绩效奖金年终奖金,广州|2年经验|本科|招若干人|03-13发布,1、整个Python后台系统的搭建、核心算法的开发2、负责python框架下后台业务逻辑的实现3、负责参与各种软件相关开发和运维工作；4、根据开发规范编写研发文档。5、研发关键技术问题攻关。6、按时完成上级交代的其他工作任务岗位要求：1、3年以上基于Python的开发经验，同时熟悉C/C++/Java/Go/JavaScript/Bash等编程语言优先；2、熟悉MySQL/Cassandra/InfluxDB等数据库；3、熟悉Web前后端开发，熟悉浏览器工作原理；4、熟悉Linux内核基本结构，熟悉网络和存储栈子系统结构；5、具备扎实的基础知识，有良好的编码习惯；6、能独立完成产品调研，设计，实现，运维工作；7、了解机器学习技术优先；8、大专及以上学历，具有良好的沟通协调能力、较强的团队合作精神、优秀的执行能力；9、强烈的责任心和敬业精神，能吃苦耐劳；此岗位为我公司旗下麦迪森公司招聘岗位。工作地点：广州番禺区南村镇万达广场B-3座22层地铁7号线南村万博站B出口，步行100米即到。薪酬与福利：1、实行5天7小时工作制，公司提供高于行业标准的薪酬待遇；2、享受国家法定节假日，年休假、婚假、产假、看护假、丧假等；3、绩效奖金，节日福利，使您的付出与收获成正比；4、每周员工羽毛球活动；5、公司不定期组织各类心态、礼仪、产品知识、销售技巧等专业性培训，良好的晋升发展；6、公司关注员工发展和成长，为员工提供各类培训机会，帮助员工成长和进步；7、公司不定期组织集体活动，如爬山、K歌、烧烤、骑行等。期待您的加入！广东省广州市番禺市万达广场B-3座22层海南君莱药业有限公司民营公司150-500人,手机软件开发工程师,广东省广州市番禺市万达广场B-3座22层
Python高级开发工程师,江门驰铭体育有限公司,0.8-1万/月,员工旅游每月团建活动购买社保做六休一,江门|2年经验|大专|招4人|03-13发布,高级python岗位要求：1、学历要求大专及以上学历，计算机、数学或金融学专业优先；2、2年以上工作经验，精通Python开发语言及相关技术；3、熟悉MySQL等数据库；4、熟练掌握Struts、Spring、SpringMVC、Hibernate、MyBatis开发框架，熟悉各种主流开源框架及应用；5、了解信息安全知识***6、熟悉linuxcentos操作系统，php7+mysql优先7、具有百万级千万级数据维护经验优先高新区金瓯路285号珠西云谷415-417江门驰铭体育有限公司民营公司少于50人,大数据开发/分析数据采集,高新区金瓯路285号珠西云谷415-417
图像算法工程师(python),广东奥普特科技股份有限公司,1-1.5万/月,五险一金员工旅游专业培训年终奖金带薪年假定期调薪八小时工作制包吃包住健身俱乐部,东莞-长安镇|无工作经验|硕士|招1人|03-13发布,1、硕士或以上学历，计算机、图像处理或研究生方向为算法；2、有底层图像算法开发经验，熟悉c++、c#、python(Tensorflow等深度学习框架)编程；3、有良好的表达能力，持续学习研发能力，有一定的攻关能力。锦厦社区锦升路8号广东奥普特科技股份有限公司民营公司500-1000人,算法工程师高级软件工程师python图像算法,锦厦社区锦升路8号
手游服务端开发工程师（Python）,网易集团,1.5-2万/月,五险一金餐饮补贴定期体检绩效奖金年终奖金,广州-天河区|2年经验|本科|招若干人|03-13发布,岗位职责：-负责服务器端维护与开发；-负责对服务器框架的优化与扩展；-协助组员实现新玩法需求（服务端部分）。任职要求：-有MobileServer开发经验优先；-熟悉C++、熟练使用Python；-半年以上开发经验；-熟练掌握常用数据结构以及算法；-良好的编程能力和编程习惯，对设计模式有一定理解；-热爱游戏，有丰富游戏经验者优先；-具备良好的团队精神和沟通能力；-能适应手游高强度的开发与工作压力。珠江新城金穗路侨鑫国际大厦网易集团上市公司10000人以上,多媒体/游戏开发工程师,珠江新城金穗路侨鑫国际大厦
Python开发工程师,深圳优依购互娱科技有限公司广州分公司,0.6-1.2万/月,,广州-天河区|1年经验|本科|招1人|03-12发布,后端Python开发工程师负责H5游戏服务端功能开发职位描述：1、参与游戏项目的整体技术工作与开发流程；2、根据策划需求，负责游戏服务端功能的开发；3、主动跟进与处理所负责模块的bug；4、按时完成上级主管交予的各项任务；协助处理日常开发、运营中的其他技术支持工作。岗位要求：1、大学本科及以上学历，计算机相关专业，1年以上的游戏开发经验，参与过一款完整的游戏项目者优先。2、熟悉编程语言Python；或者有c++、java、c#等面向对象语言开发经验，愿意转向python语言开发者。3、熟悉linux/unix开发环境，熟练使用mysql或mongodb数据库。4、熟悉TCP/IP协议，熟悉网络编程。5、具有强烈的责任心，良好的分析/解决问题和沟通协调能力，良好的团队合作精神，能承受一定的工作压力。中山大道毓南路2号海洲信息中心深圳优依购互娱科技有限公司广州分公司民营公司50-150人,多媒体/游戏开发工程师互联网软件开发工程师游戏服务端游戏开发H5游戏,中山大道毓南路2号海洲信息中心
少儿编程老师（Scratch、Python、C语言）,广州学码教育科技有限公司,0.8-1万/月,五险一金专业培训团建餐饮补贴通讯补贴带薪年假,广州|无工作经验|本科|招3人|03-12发布,岗位职责：1.主要负责讲授青少年编程课程；2.按照公司制定的教学计划，高质量完成教学任务；3.负责班级日常管理和维护工作；4.负责学生辅导和教学答疑等工作；5.参与优化和创新教学课程体系；6.配合其他部门完成相关工作。任职要求：1.本科计算机相关专业，熟悉Scratch、Python、C语言；2.具备独立工作能力和学习能力；3.形象佳，亲和力强，有较强的沟通表达能力；4.耐心，吃苦耐劳，责任心强，有团队协作能力；5.有教育培训行业经验者或者相关教师资格证书者优先薪资福利：1.完善的薪资考核体系，职位月薪1.2万及以上2、五险一金+十三薪+生日福利+节日福利+带薪休假+旅游+员工小孩免费学习少儿编程课程+各种职业培训（分内训和外训）；3、乐趣团队:学校团队聚餐，团队活动。校区地址：1.正佳广场校区：广州市天河区广晟大厦2.北京路校区：广州市越秀区大马站商业中心广州市天河区天河东路228号正佳广晟大厦2206广州学码教育科技有限公司民营公司150-500人,培训讲师ScratchPythonC语言少儿编程,广州市天河区天河东路228号正佳广晟大厦2206
Python开发工程师,联合星晨（广州）软件科技有限公司,0.7-1.4万/月,,广州-天河区|2年经验|大专|招2人|03-12发布,岗位职责：1、负责分布式项目平台的数据采集以及结算。2、根据需求对项目代码进行维护和优化。3、配合其它语言项目完成对接和协作。职位要求：1、大专及以上学历，2~3年Python全职开发经验。2、熟练掌握Pyhton的WEB框架Tornado、Django、Scrapy等3、熟悉分布式系统相关原理，并对分布式系统架构设计有独特的见解等4、熟悉多线程、多进程、socket编程5、熟悉linux以及MACOSX，了解shell编程6、熟练使用各种关系型数据库以及NOSQL数据库（Mysql、Sqlserver、postgresql、redis、memcache、Rabbitmq）操作的优先考虑7、具有良好的职业素养，和沟通能力，以及专研精神。石牌桥丰兴广场B幢2602联合星晨（广州）软件科技有限公司民营公司少于50人,互联网软件开发工程师软件工程师Python,石牌桥丰兴广场B幢2602
Python爬虫开发工程师,广州金科企业征信有限公司,0.6-1万/月,五险一金专业培训员工旅游,广州-天河区|1年经验|大专|招1人|03-12发布|计算机科学与技术计算机工程,岗位职责：1.参与爬虫系统的架构设计与开发；2.负责执行和开发分布式网络爬虫系统，进行多平台信息的抓取和分析；3.负责网页信息和APP数据抽取、清洗、消重等工作，提升平台的抓取效率；4.设计爬虫策略和防屏蔽规则，提升网页抓取的效率和质量；5.实时监控爬虫的进度和警报反馈；任职要求：1.专科及以上学历，1年以上爬虫开发相关经验，熟练使用Python进行开发，并且熟练操作linux系统；2.熟练使用正则表达式、csspath、xpath等，能够从结构化的和非结构化的数据中获取信息；3.熟练掌握redis、mongodb等常用nosql技术并具有实战经验；4.熟悉各种抓取技术，包括代理、PhantomJS/selenium、验证码处理，JS加密破解等；5.熟悉整个爬虫的设计及实现流程，有从事网络爬虫、网页信息抽取开发经验，熟悉反爬虫技术，有分布式爬虫架构经验；6.具有数据挖掘、自然语言处理、信息检索、机器学习背景者优先；7.快速学习能力，工作积极主动，有创业热情和良好的团队协作能力；待遇：6k-10k/月广州市天河区黄埔大道西163号富星商贸大厦东塔19楼H、I室广州金科企业征信有限公司民营公司少于50人,软件工程师其他数据爬虫数据采集,广州市天河区黄埔大道西163号富星商贸大厦东塔19楼H、I室
Python语言技术助理（双休+餐补）,西安禾沐广告文化传播有限公司,4.5-6千/月,五险一金绩效奖金免费早餐免费班车员工旅游定期体检专业培训年终奖金,佛山|无工作经验|大专|招1人|03-12发布,职位信息南海区千灯湖西安禾沐广告文化传播有限公司民营公司少于50人,其他,南海区千灯湖
Python开发工程师,广东新源信息技术有限公司,0.5-1万/月,五险一金年终奖金员工旅游专业培训绩效奖金,广州-天河区|1年经验|本科|招若干人|03-12发布,1、参与智慧教室后台系统的需求调研和需求分析，撰写相关技术文档；2、负责系统架构和功能开发以及前后端技术交互的接口设计；3、负责与智慧教室平台子系统、子设备接口对接开发；4、系统开发测试、部署和集成；5、对新技术有专研精神，善于技术攻关。岗位要求：1、计算机相关专业本科及以上学历，需要有一定的系统分析能力，1年以上开发经验；2、能熟练使用Python，掌握Python下的调试以及数据结构设计，熟悉Python与Java、C语言相互调用；3、熟悉MySQL，MongoDB，Redis中的一个或者多个；4、熟悉Django框架，能独立开发Web服务和RESTfulAPI服务，有独立完成的线上作品优先。5、有Docker使用经验优先。6、有RabbitMQ或其他消息队列使用经验优先。7、具备良好的沟通能力和较强的团队合作精神。华观路1933号万科云办公楼B栋505房广东新源信息技术有限公司民营公司50-150人,互联网软件开发工程师软件工程师Python开发工程师软件工程师,华观路1933号万科云办公楼B栋505房
Python开发工程师,深圳猎影商务信息咨询有限公司,1.5-2万/月,,深圳-南山区|3-4年经验|大专|招2人|03-12发布,岗位职责：1、独立完成后台服务功能模块的设计与开发；2、配合团队其他成员进行模块开发及整合；3、维护所负责的服务模块，并不断持续优化功能系统；4、确保所负责的服务模块能够达到产品要求的质量标准（响应、错误率、不间断服务指标）。任职要求：1、专科以上学历，3年以上python工作经验；2、精通python，熟悉Django、Flask、Tornado等主流web开发框架3、熟悉restful，oauth等框架或者技术；4、熟悉MySQL数据库及性能优化，熟悉MongDb、redis；5、基于Unix/Linux开发，熟练使用shell基本命令，了解nginx，uwsgi；6、了解HTML、CSS、javascript等前台技术，了解Bootstrap，Vuejs等前端框架优先考虑7、有良好的代码编写习惯，熟悉使用SVN等代码管理工具；8、有OpenSource项目经验加分；9、互联网金融从业者优先，后台开发经验丰富者优先。10、有独立解决问题的能力，责任心强，具有良好的对外沟通和团队协作能力，主动、好学。南光城市花园商务中心深圳猎影商务信息咨询有限公司民营公司少于50人,软件工程师,南光城市花园商务中心
Python开发工程师,广州酷旅旅行社有限公司,1-1.8万/月,五险一金员工旅游绩效奖金弹性工作下午茶,广州|1年经验|本科|招1人|03-12发布,岗位职责：1、负责设计和开发分布式网络爬虫系统；2、设计爬虫策略和防屏蔽规则，提升网页抓取的效率和质量；3、负责爬虫逻辑的开发，快速响应业务变动。任职要求：1、具有实际爬虫开发、内容提取工作经验2年以上；3年以上Java、python开发经验；熟悉scrapy框架；2、对数据结构和算法设计有较为深刻的理解，具有良好的沟通能力和团队合作意识；3、熟悉正则表达式，Jsoup、XPATH，CSS选择器，能够从结构化和非机构化的数据中获取信息；4、了解各种Web前端技术，包括HTML／XML／JavaScript／AJAX／JSON等；5、熟悉Mysql，redis，mongdb三者至少之一，有过数据库调优和海量数据存储经验优先；6、拥抱新技术，有很强的学习能力；7、具有数据挖掘、自然语言处理、信息检索、机器学习背景者优先。天河区科韵路20号软银数码港大厦6-10楼广州酷旅旅行社有限公司民营公司1000-5000人,软件工程师爬虫Pythonscrapyjava,天河区科韵路20号软银数码港大厦6-10楼
python 开发工程师,广州时时美电子商务有限公司,0.6-1.2万/月,,广州-荔湾区|1年经验|大专|招2人|03-12发布,"【任职要求】1.Python语言功底结实，有超过1年以上开发经历2.具备web爬虫开发经验3.具备自动化测试开发经验,熟悉AppiumAPP测试优化考虑4.熟悉splinterWeb应用自动测试5.熟悉多进程编程,有图片处理项目经验优化考虑6.熟悉Linux基本操作7.做事负责，态度积极，耐心且最求细节【福利待遇】1、工资结构：底薪+绩效奖金2、社会保障：购买社会保险（养老、生育、工伤、失业、医疗保险）和公积金3、餐费补贴：公司按出勤天数发放午餐补贴10元/天4、全勤奖励：公司设员工全勤奖每月100元5、晋升机制：完善的晋升考核奖励机制，管理岗位晋升及专业技能纵深双向发展通道6、培训体系：公司为新员工提供入职培训及专业培训，入职引导人一对一帮带；不同级别及不同岗位均有相应专业及管理培训，不断提高员工的综合能力。7、员工生活：通过业绩回报获取团建基金，丰富多彩的户外活动、旅游、聚餐、拓展等8、假期福利：国家法定节假日及带薪病假、婚假、产假、生育津贴、丧假等。9、人文关怀：停不下的糖果小点心，为你的工作加些甜逢源路128号金升大厦（即荔湾区政务服务中心）803室广州时时美电子商务有限公司民营公司150-500人",软件工程师高级软件工程师,逢源路128号金升大厦（即荔湾区政务服务中心）803室
python研发工程师,珠海宏桥高科技有限公司,1-2万/月,五险一金绩效奖金,珠海-香洲区|2年经验|本科|招若干人|03-12发布,"岗位职责：1.搭建项目中所需的大数据基础技术平台，并在开源组件的基础上二次开发，满足项目应用需求；2.研究各种人工智能模型，构建预测性维护、机器视觉等工业应用所需的算法模型；3.负责设备监控、预测性维护、机器视觉、大数据可视化展示等应用系统的开发、文档编写和维护工作任职要求：1、两年以上大数据开发相关工作经验。2、熟练Python编程开发。3、熟练使用python进行数据汇聚、抽取、清洗、转化等数据处理能力、并能负责响应对数据分析的需求。4、熟悉Numpy或Scipy、能够利用Pandas等数据分析库。5、具有基本的数据处理思维，熟悉数据处理的方式。6、熟悉hadoop、hive、spark、kafka等当前主流开源数据平台，并有相关开发经验。7、熟悉unix或linux,开发必需的系统管理操作命令。8、精通SQL语言、具有常用数据库系统(Oracle、Mysql)开发实施经验。9、有网络爬虫开发经验，有scrapy等开源抓取工具开发经验优先考虑。10、熟悉大数据的机器学习，深度学习等相关算法，有应用实施的经验优先考虑。11、熟悉数据库仓库，有一定的数据建模能力优先考虑。唐家湾软件园路1号南方软件园D2-1层珠海宏桥高科技有限公司外资（欧美）150-500人",软件工程师,唐家湾软件园路1号南方软件园D2-1层
Python开发工程师,珠海国芯云科技有限公司,0.8-1.5万/月,,珠海-香洲区|3-4年经验|本科|招1人|03-12发布,任职要求：1、大学本科及以上学历，2年以上Python程序开发经验；2、有Linux下开发经验；3、能够使用Python进行虚拟机的配置和参数修改工作，完成虚拟机的详细设置；4、能够参与公司后天虚拟机的开发；5、有Openstack开发经验者优先考虑；岗位职责：1、负责公司睿云产品后台虚拟机部分的开发工作。景山路莲山巷8号正方云创园9楼珠海国芯云科技有限公司民营公司50-150人,高级软件工程师,景山路莲山巷8号正方云创园9楼
python工程师,广州奕策贸易有限公司,5-7千/月,弹性工作带薪年假绩效奖金节日福利专业培训通讯补贴高温补贴五险一金,广州-番禺区|1年经验|大专|招1人|03-12发布,"1、负责搭建以及维护爬虫系统，负责数据的抓取、解析、清洗、入库、更新等；负责爬虫的性能优化工作;2、负责各种自动化脚本、中间件等的开发和维护;3、参与大数据平台的架构设计和关键模块研发；4、与产品经理、用户和测试经理进行沟通、交流，相互协作完成项目；5、负责相关技术文档编写。岗位要求：2、熟悉Python编程，熟悉JavaScript、正则表达式、XPath等信息抽取技术，熟悉抓包分析请求并模拟;3、熟悉运用Linux操作系统，了解进程、等概念，能独立解决简单常见的问题;4、熟悉mysql的使用,熟悉django框架以及scrapy框架优先;5、掌握PHP和H5等其他编程语言的优先；福利待遇：1、上班时间：周一到周五：9:00-18:00，周六：10:00-18:00。中午休息时间：12:00-13:30。2、公司员工全部为8090后，简单的人际关系，轻松舒心的工作环境，快速高效的工作效率。3、公司活动：不定期聚餐、唱K、运动、篮球比赛、户外拓展等集体活动。4、带薪年假：入职满一年每年都有带薪年假7天。5、员工旅游：每年公司会不定期组织员工旅游。6、购买广州社保。7、其他待遇包括花费补贴、通讯补贴等等，更多福利等你来享受！上班时间：9:00-18:00（中午休息1.5小时，月休5天）面试地址：广州市番禺区厦蛭骰仿芬缓帕肽系缱由涛癫业园一街二楼18-21号面试地址交通方式：广州地铁3号线厦蛘A出口对面，走3-5分钟到岭南海淘一街二楼18-21号联系电话：Seven020-86492586/15820519766厦蛄肽系缟滩业园一街二楼18-21号广州奕策贸易有限公司创业公司少于50人",数据库工程师/管理员大数据开发/分析python大数据架构设计底层数据架构爬虫软件工程师,厦蛄肽系缟滩业园一街二楼18-21号
python数据分析师/讲师,上海万米网络科技有限公司广州分公司,0.8-1万/月,五险一金员工旅游交通补贴餐饮补贴绩效奖金年终奖金弹性工作专业培训包住宿带薪年假,广州-天河区|1年经验|本科|招1人|03-12发布,"岗位职责：1、搭建电营业务报表体系，优化电营MIS报表，推动实现电营中心精准营销量化管理；2、对外呼过程的数据响应率、外呼结果、数据拨打深度、通时通次、数据使用率等销售过程指标进行统计分析，为销售端的现场管理提供数据支持；3、分析、挖掘电营客户属性和外呼响应行为特征，参与构建客户画像，为业务决策提供数据支持；4、跟踪和分析电营运营数据，对电营产品及业务流程给出策略化的优化建议，提升各类转化率；5、上级交给的其他工作安排。任职要求：1、全日制本科以上学历,计算机、数学、统计学等相关专业；2、良好的数据敏感度与逻辑分析能力，能进行深度的数据信息汇总分析；3、逻辑严谨，沟通能力良好；4、熟练掌握Python语言，掌握Python3.x新特性，熟练掌握第三方款框架，具有数据工程领域开发经验；5、拥有数据分析建模理论、熟悉数据分析建模过程；6、熟练掌握NumPy和SciPy科学计算工具的使用；7、熟练掌握Pandas数据分析工具的使用9、熟练掌握Matplotlib和Seaborn等数据可视化工具，掌握Bokeh交互式数据可视化者优先；9、掌握图像数据处理及分析，以及常用的图像特征描述；10、扎实的计算机基本功及数学基础天河路621号天娱广场C座10楼上海万米网络科技有限公司广州分公司民营公司少于50人",互联网软件开发工程师软件工程师pythonpandasnumpy爬虫数据分析师,天河路621号天娱广场C座10楼
运维开发/Python开发工程师,深圳市心云科技有限公司,1-2万/月,五险一金周末双休带薪年假年终奖金,广州-天河区|2年经验|本科|招3人|03-11发布|普通话熟练粤语熟练|计算机工程计算机应用,运维开发/Python开发工程师岗位职责：1.运维平台的开发包括：监控、数据分析、资产管理系统、密码管理系统等；2.运维架构设计规范，及核心脚本开发；3.开发或应用各类运维工具和运维平台，持续提升业务系统运维与监控的数字化、自动化及智能化能力。任职要求：1.熟悉python语言，熟悉django框架；2.熟悉前端开发语言及框架，如：javascript、jquery等；3.熟悉linux操作系统，mysql数据库；4.欢迎大数据/人工智能/机器学习领域应届硕士毕业生应聘。薪资福利待遇：1.周末双休2.购买五险一金3.法定假日+带薪年假黄埔大道西76号富力盈隆2908深圳市心云科技有限公司民营公司少于50人,脚本开发工程师网站架构设计师运维PythonLinux大数据前端开发,黄埔大道西76号富力盈隆2908
Python开发工程师,广州国机智能电力科技有限公司,0.9-1.5万/月,五险一金绩效奖金年终奖金定期体检补充医疗保险员工旅游包吃,广州-黄埔区|1年经验|大专|招2人|03-11发布|英语良好,1.参与公司软件产品需求调研、开发等；2.负责公司软件产品设计、架构设计和文档编写；3.负责问题排查、调试、性能调优等开发相关工作。4.编写应用软件系统交付件任职资格1.具备Python开发经验1年以上；2.熟悉Python语言，至少熟悉一种框架，如Flask、Sanic、Pyramid、Django等；3.熟悉前端的基本调试工具，并熟练掌握HTML5、CSS3、JavaScript、Ajax、jQuery等Web前端技术；4.熟悉前端开发的开源工具包Bootstrap，有响应式页面开发经验者优先；5.熟悉MariaDB(MySQL)、Oracle或其他任何一种关系型数据库管理系统(RDBMS)；6.熟悉任一种内存数据库者优先，如：Redis、Memcached或FastDB；7.拥有良好的代码习惯，结构清晰，命名规范，逻辑性强；8.可以阅读英文技术资料；9.有并行计算基者优先；10.具有快速学习能力，对新技术有强烈的探索精神，能够承受工作压力，有强烈的责任心；11.具有优秀的沟通能力，能有效与各部门进行协调，有良好的团队精神和与客户的沟通能力。开泰大道38号凯得科学会广场2号楼5楼广州国机智能电力科技有限公司民营公司50-150人,软件工程师网站策划Python全栈开发后端开发,开泰大道38号凯得科学会广场2号楼5楼
银行SAS/R/PYTHON数据分析挖掘建模岗,深圳市长亮科技股份有限公司,0.8-1.8万/月,周末双休五险一金节日福利餐饮补贴通讯补贴,广州|无工作经验|本科|招5人|03-11发布,5、熟悉金融和银行业务知识广州深圳市长亮科技股份有限公司上市公司1000-5000人,大数据开发/分析SASR语言python金融大数据分析数据挖掘机器学习,广州
Python培训讲师,大连东软睿道教育信息服务有限公司,6-8千/月,,广州-黄埔区|1年经验|本科|招2人|03-11发布,【岗位职责】1、完成相关的教学资料（教学PPT、教学用书、文档等）；2、按照教学规范和教学大纲高质量完成Python课程的授课任务；3、带领学员参加实训并指导学员完成实操项目；4、结合搜索引擎的发展变化，实时改进教学方法，优化授课方案；5、完成课程辅导工作，解答学员课程疑问，保证学员的学习质量；6、配合部门工作安排，优化课程体系、项目。【任职要求】1、计算机相关专业，大学本科及以上学历，具有1年以上一线Python开发经验，有能力进行项目开发；2、热爱教育行业，有意愿成为讲师进行授课；3、较好的心理素质，能够承受压力，具有较强的事业心与团队协作精神；4、表达能力强，声音清晰自然，个性开朗，乐于与人交流；5、熟练掌握Python编程语言与机器学习框架；6、精通Java语言开发并掌握一种统计分析和数据挖掘软件；7、对于Hadoop/Hive/Hbase/Spark有实际的编码能力和海量数据的自动化分析处理项目经验；8、有一年以上教学经验者优先考虑。科学城揽月路大连东软睿道教育信息服务有限公司上市公司1000-5000人,培训讲师,科学城揽月路
少儿编程讲师（python）,广州编辅侠教育科技有限公司,5-8千/月,带薪年假五险一金全勤奖节日福利生日会,广州-白云区|无工作经验|招若干人|03-11发布,"1、根据实际需要，认真负责地制定试听课和上课内容,确保上课质量；2、完成教学工作，编写备课记录以及教案等；配合课程考评，配合相关的教学质监工作；3、定期与家长沟通学员学习及上课表现情况；4、负责与课程顾问沟通学生上课情况；5、培训后教授机器人或编程课程、备课，管理课程材料（器材），课后教学经验总结；参与研发学习本科目项目，带领中心学员团队参与各类相关竞赛；任职要求：1、普通话标准，具有良好语言表达能力和较强的文字功底；2、热爱教育事业，喜欢孩子，有爱心，有耐心、有亲和力；3、有较强的执行能力，注重工作中的细节，善于沟通，具备团队合作精神；4、爱玩编程、爱玩机器人；5、有机器人教学、早教教学经验或教师资格证书者优先考虑；6、全日制大专以上毕业；工科、计算机、学前教育等专业相关背景者优先考虑。广州白云区云城西路888号绿地中心缤纷广场三楼（地铁2号线白云公园站A出口）广州编辅侠教育科技有限公司民营公司50-150人",幼教讲师/助教讲师、幼教,广州白云区云城西路888号绿地中心缤纷广场三楼（地铁2号线白云公园站A出口）
Python 开发工程师,珠海轼域网络科技有限公司,0.8-2万/月,五险一金绩效奖金弹性工作,珠海-香洲区|2年经验|大专|招若干人|03-11发布|英语良好,职位描述：1.负责公司产品框架结构的搭建及逻辑设计；2.负责公司产品的开发；3.负责公司产品的维护和优化。职位要求：1.精通Python，熟悉Django/Tornado框架；2.熟悉MySQL数据库；3.熟练使用HTML、CSS、Javascrip、Ajax；4.有Web、APP后端开发经验者优先；5.具有很好的代码编写能力和良好的代码编程习惯；6.具有一定的英语阅读水平；7.具备高度的责任感，良好的团队精神，能善于发现和解决问题；8.能力突出者将提供优厚待遇.待遇：五天八小时工作制，享受国家法定节假日，购买社保，弹性的工作时间，午后零食或茶点供应，年底奖金及根据能力来调整薪酬等。南湾北路32号V12文化创意产业园5栋5532号珠海轼域网络科技有限公司外资（非欧美）少于50人,互联网软件开发工程师周末双休带薪年假,南湾北路32号V12文化创意产业园5栋5532号
Python爬虫工程师,广州龙骐贸易有限公司,0.8-1.5万/月,五险一金餐饮补贴,广州-白云区|无工作经验|大专|招若干人|03-11发布,黄石街道江夏村芦石岗1号红风创意园11栋2层201室（江夏地铁B出口直行500米）广州龙骐贸易有限公司民营公司50-150人,软件工程师高级软件工程师python爬虫网站系统,黄石街道江夏村芦石岗1号 红风创意园11栋2层201室（江夏地铁B出口直行500米）
Python大数据开发工程师,广州智尔信息科技有限公司,1-1.5万/月,全勤奖绩效奖金高温补贴专业培训加班补贴交通补贴员工旅游带薪年假,广州-番禺区|3-4年经验|大专|招2人|03-11发布,"1、负责设计、开发、维护大数据爬虫系统及数据抓取，对海量数据进行建模、清洗、分析;2、负责人工智能机器学习相关算法的研发;3、负责相关算法模型的设计、训练.任职资格:1、要求本科及以上学历，三年以上工作经验;2、有大数据爬虫和反爬虫开发经验，有App爬取经验；3、熟悉linux平台开发，精通Python，熟悉大规模网页爬取，深度网页爬取，至少熟悉以下一种框架Nutch、Scrapy、Lucene、Heritrix、Solr、Sphinx等；4、了解MongoDB、Redis、Mysql，掌握MQ，了解HBase、KAFKA等；4.熟悉HTTP协议，熟悉正则表达式、XPath、CSS选择器等，了解常用验证码识别技术；5.能独立解决实际开发过程碰到的各类问题;5、有SAAS,PAAS企业级应用或者大型网络服务开发经验者优先.广州番禺大石巨大创意园12座总部研发大厦东塔11层（大石会江站C出口前行30米即到）广州智尔信息科技有限公司民营公司50-150人",软件工程师高级软件工程师Python,广州番禺大石巨大创意园12座总部研发大厦东塔11层（大石会江站C出口前行30米即到）
Python开发工程师,广州市赛耀网络科技有限公司,0.8-1万/月,五险餐饮补贴弹性工作每周双休,广州-番禺区|2年经验|大专|招若干人|03-11发布,"1.计算机相关专业毕业，3年或以上后端研发经验2.熟悉Liunx下的相关工具开发和配置3.熟练Python/Golang,多了解其他编程语言更佳4.具备良好的RestfulAPI设计风格5.具备良好的TCP/IP、HTTP协议知识基础6.具备良好的数据库、消息队列实践经验7.了解同步/异步编程,了解多线程/多进程模型8.清晰的思路和良好的业务理解能力加分项:1.具有高并发系统设计经验的更佳2.熟悉数据结构与算法的更佳汉溪大道东290号保利大都汇A3栋1309广州市赛耀网络科技有限公司民营公司少于50人",软件工程师PythonPHPNode.jsJS,汉溪大道东290号保利大都汇A3栋1309
Python开发高级工程师,广东众图互联网工程设计有限公司,0.8-1.5万/月,五险一金周末双休带薪年假专业培训绩效奖金团队聚餐员工旅游,佛山-南海区|1年经验|本科|招若干人|03-11发布,"1.负责相关软件模块的完善及性能调优工作2.进行源代码的单元测试和质量控制3.负责软件相关文档编写以及维护职位要求：1.计算机软件或相关专业，具备1年以上软件行业工作经验2.熟悉python，有实际项目开发经验3.至少熟悉一种web框架(Django，flask,Tornado等)，具有独立完成项目开发的能力4.熟悉linux环境下的调试、排错、优化、部署等5.熟悉常用数据结构算法6.自我学习能力强，分析解决问题能力强，善于沟通交流，有责任感，有团队协作精神佛山市南海区千灯湖金融高新区C区凯泰中心10楼广东众图互联网工程设计有限公司民营公司150-500人",互联网软件开发工程师,佛山市南海区千灯湖金融高新区C区凯泰中心10楼
Python后端开发工程师,深圳先知大数据有限公司,0.8-1.5万/月,五险一金交通补贴绩效奖金年终奖金,东莞-东城区|2年经验|本科|招1人|03-11发布,"岗位职责：1、协助开发物联网数据仓库2、协助开发web前端的后台通信和相关API3、负责部分的数据分析和挖掘工作任职要求：1、熟悉HTTP协议2、熟悉Flask或tornado后端开发框架3、熟悉RESTfulAPI设计和开发4、熟悉MongoDB,Redis开发加分项1、有数据仓库开发经验者优先2、哟数据分析经验者优先3、熟悉Docker者优先4、有物联网大数据开发经验者优先5、有teamwork经验者优先公司福利：1、双休，依法享有国家法定假期、带薪工龄假期2、入职即可享受五险一金3、公司免费提供营养三餐4、公司免费提供住宿5、公司提供交通补贴、差旅补贴、无限零食、畅饮咖啡机、各种中西式节日礼品、生日礼品等6、丰富多彩的文体生活、户外活动、不定期的旅游等7、对优秀的管理者、员工奖励股票、期权8、公司不定期内部技术分享培训外径工业园伟丰路2号深圳先知大数据有限公司民营公司少于50人",软件工程师数据库工程师/管理员python数据算法,外径工业园伟丰路2号
python开发工程师(业务方向),广州回头车信息科技有限公司,0.8-1.5万/月,五险齐全周末双休弹性工作带薪年假每天新鲜水果,广州-天河区|1年经验|大专|招1人|03-08发布,岗位职责：1.负责公司业务系统的后端开发；2.跟进产品需求参与需求分析，进行相关的设计、开发、调试、测试等；3.能独立完成业务模块的开发。岗位要求：1.计算机相关专业，本科及以上学历，1年以上相关工作经验；2.熟悉Python，熟练使用主流web框架，并具备良好的编程风格，以及能够撰写良好的技术文档；3.深入理解和使用RESTful、RPC通信开发；4.熟悉消息组件，如：Kafka、RabbitMQ等；5.熟悉NoSQL数据库，如：Mongodb、Redis等的使用；6.熟悉mysql等关系型数据库，有参与业务数据库设计经验者优先；7.具备业务系统设计能力，有独立设计开发项目经验者优先；8.有较强的分析问题与独立解决问题的能力，良好的沟通能力及团队合作精神。广州市天河区东圃大马路8号时代TIT广场A337室广州回头车信息科技有限公司民营公司50-150人,互联网软件开发工程师python开发,广州市天河区东圃大马路8号时代TIT广场A337室
网络安全工程师(python开发）,广州市昊恒信息科技有限公司,1.5-2万/月,五险一金绩效奖金年终奖金弹性工作出差补贴交通补贴,广州|2年经验|高中|招若干人|03-08发布,1.关注国内外安全行业动态、趋势及最新的安全技术；2.快速响应最新安全事件、漏洞，快速生成利用工具与脚本；3.参与项目的设计和开发工作；4.协助完成需求采集、需求分析以及相关开发设计工作；5.对最新漏洞进行分析，完成识别规则编写；1.具有2年以上Python开发经验，有API接口开发经验，对Web开发有一定了解；2.熟练掌握LinuxShell脚本编写或熟悉掌握WindowsBAT脚本编写；3.熟练掌握MSSQL、MYSQL、Oracel数据库各项操作及SQL语言。4.熟练掌握Windows、linux、Unix操作系统的管理与应用；5.具有一定的网络安全知识，对渗透测试及漏洞利用有较深理解，了解相关的安全设备；6.了解Splunk平台，了解syslog日志；7.工作积极主动，具有较强的敬业精神与工作责任心，能适应长期出差，有较高的抗压能力；8.具备较强的学习能力，思维逻辑清晰，语言/书面表达能力强。（1）时间自由：五天工作制，弹性的上下班时间，周末双休。（2）保险齐全：为正式员工购买养老保险、失业保险、工伤保险、基本医疗险、生育保险、重大疾病保险、补充医疗保险。（3）假期多多：享有所有国家法定节假日，入职即享有年假、婚假、产假/看护假等带薪假期。（4）薪资丰厚：一年多次调薪机会，年底发放双薪；并根据公司当年经营情况发放丰厚年终奖金。（5）补贴享不停：生日礼金、生育礼金等等。（6）活动多多：定期举办各种团体活动，如员工年度旅游活动、季度生日会、各种有氧活动等。（7）惊喜不断：优秀员工更可享有公司期权，还有更多的福利等着你来开发！广州市越秀区东风东路699号广东港澳中心802广州市昊恒信息科技有限公司民营公司50-150人,网络工程师网络安全信息安全Web安全安全python开发工程师,广州市越秀区东风东路699号广东港澳中心802
Python中级工程师,云润大数据服务有限公司,1-1.5万/月,五险一金周末双休弹性工作绩效奖金专业培训员工旅游技术书籍报销,广州-天河区|3-4年经验|大专|招2人|03-08发布,岗位职责：1、实现及维护通用工作流引擎；2、协助实现前端框架。任职要求：1、熟悉Python开发及常用模块；2、熟悉前端开发技能，有Vue或React经验更佳；3、有模块化开发的经验或思考；4、对工作流引擎有所了解。棠东东路御富科贸园C3-308（BRT天朗明居站200米）云润大数据服务有限公司民营公司150-500人,软件工程师PythonVuereact,棠东东路御富科贸园C3-308（BRT天朗明居站200米）
Python开发工程师,麦田春雪科贸（北京）有限公司,1.5-2万/月,弹性工作五险一金专业培训绩效奖金,北京-朝阳区|3-4年经验|本科|招2人|03-08发布|英语良好,岗位职责：1.负责基于Python的数据爬取、数据分析、数据处理、数据开发等工作；2.负责基于Python/Java机器学习模型封装、部署、上线，并负责测试和维护；3.参与数据挖掘和建模岗位要求：1.本科及以上学历，计算机，电子信息工程及相关专业毕业；2.精通Python，熟练掌握Java和SQL（必备），有常用开源框架使用经验，熟悉常见的缓存技术；3.掌握多线程、多进程编程，具备优秀的编程能力，在常用功能实现方面有自己独到的设计；4.学习领悟能力强，具备高度的责任心及团结协作精神，善于交流；5.具有相关开发经验者优先；上班地点为各地分公司小营路五号四方大厦麦田春雪科贸（北京）有限公司民营公司50-150人,互联网软件开发工程师高级软件工程师python开发研发,小营路五号四方大厦
python开发工程师（高级）,广州锦行网络科技有限公司,1.8-3万/月,五险一金弹性工作定期体检年终奖金员工旅游周末双休购书补贴全勤奖节日福利带薪年假,广州-天河区|3-4年经验|大专|招2人|03-07发布,"岗位职责:1、负责系统的架构设计、优化和研发工作；2、负责对技术预研难点进行攻关,对现有系统进行优化,重构不合理的代码；3、完成部门领导交代的其它技术工作事项。岗位要求:1、5年以上python开发经验(能力突出者不受工作年限限制)；2、熟练使用python开发,具有良好的编码风格,能够编写基本的技术文档；3、熟练使用一种web框架开发(flask、django、tornado)、对该框架有比较深入的理解,熟悉RESTfulAPI；4、熟悉web前端开发相关技术,可独立完成简单的前端开发；5、掌握python并发(进程、线程、协程、网络编程等)、分布式(celery、rabbitmq、redis等)编程；6、对数据处理分析有一定的了解(采集、清洗、预处理、存储、分析挖掘和数据可视化)；7、熟练使用linux操作系统(常用命令、shell脚本、linux下python开发、linux生产环境部署)；8、熟练使用mysql/mongodb/redis,有较强的数据库设计能力,对数据库性能调优、连接池有一定的了解；9、具备系统架构设计能力,掌握常用数据结构、设计模式；10、熟练使用svn、git相关代码管理工具；11、沟通能力、理解能力、学习能力强,能按时完成安排的工作，拥有独立解决问题的能力；12、有其他语言开发经验加分、熟悉虚拟化(docker/vmware/kvm/openstack)加分。新岑四路2号佳都智慧大厦二层广州锦行网络科技有限公司民营公司50-150人",软件工程师,新岑四路2号佳都智慧大厦二层
PHP PYTHON 开发工程师,广州市广农数链信息科技有限公司,13-18万/年,五险一金员工旅游交通补贴餐饮补贴通讯补贴专业培训绩效奖金年终奖金股票期权,广州-天河区|无工作经验|招2人|03-07发布,ＰＨＰ兼Python开发工程师岗位职责：1.负责公司商城pc、wap及微信端的系统功能开发及维护。2.负责代码编写，单元测试和bug修复工作；3.参与需求分析、设计与实现；任职要求：1、精通PHP；2、熟悉PYTHON；黄埔大道309号羊城创意园3-23Ｄ广州市广农数链信息科技有限公司民营公司50-150人,软件工程师,黄埔大道309号羊城创意园3-23Ｄ
实习生(前端&Python&Java&ASP.NET)(职位编号：0012),广州云岫信息科技有限公司,3-5千/月,绩效奖金,广州-天河区|无工作经验|本科|招若干人|03-07发布|英语良好|计算机科学与技术软件工程,"H5,JavaScript,Python,C#/Asp.net，Java，PHP,C,Swift岗位职责：1.按照工作计划和进度完成系统模块的开发任务，保证开发的质量；2.沟通需求和开发中遇到的相关问题；3.能承受压力，有责任心和上进心，能不断学习完善自我技术知识体系。岗位要求：1.本科及以上学历，计算机相关专业；2.熟练掌握VisualStudio，Eclipse等开发工具，至少精通以下编程语言中的一种：H5,JavaScript,Python,C#/Asp.net，Java，PHP,C,Swift；3.欢迎2019年即将毕业的同学投递简历！表现优秀者可拿正式员工薪水并在毕业后转正式员工。JobResponsibilities1Assistconsultantstoimplementcloudcomputingproject;2.AssistR&Dmangerofcloudcomputingandvirtualizationproductdevelopmentandsoftwaretesting;3.Assistinsoftwareandsystemtesting:functionaltesting,integrationtesting,stresstesting,etc.JobRequirements:1.HaveBachelordegreeorabove,majorincomputerorrelated;2.FamiliarwithVisualStudio,Eclipsedevelopmenttools,atleastproficientwithoneofthefollowingprogramminglanguages:H5,Javascript,C#/Asp.net,Java,Python,ObjectC;3.Welcome2019graduates!Personwithoutstandingperformancecantakeformalemployeesalariesandturntoformalemployeeaftergraduation.黄埔大道西76号富力盈隆广场广州云岫信息科技有限公司民营公司50-150人",软件工程师软件开发web前端.Netc#javaPHPPython云计算人工智能,黄埔大道西76号富力盈隆广场
Python高级工程师,广州德利信息科技有限公司,1.5-2.4万/月,,广州|3-4年经验|本科|招1人|03-07发布|英语良好英语良好,1.负责openwriter.com主站PHP框架及代码迁移到Python版本的开发工作，2.与产品设计师、前端工程师一起探讨、设计、实现web的新功能及改进3.与基础架构工程师、运维工程师一起实现稳定、可扩展的后台服务4.数据驱动，不断通过产品和技术数据进行改进，并完成快速迭代任职资格1.计算机及相关专业本科以上学历；2.英语四级或以上；3.有较好的Python编程基础，三年以上完整的Python/Django或者其他pythonweb框架开发经验4.对计算机相关基础知识有较好理解，了解常用数据结构和算法5.至少掌握一门web编程语言，如PHP、Angularjs、Reactjs等6.熟练WEB前端系列技术，并有独立完成有关项目的经验7.熟悉web开发相关技术，如web框架、HTTP协议、web安全、单元测试等8.掌握关系数据库及SQL相关知识，了解基本优化和设计原则9.良好的编码风格、沟通能力和团队合作精神，有责任感10.有很强的学习能力，有主动性和上进心，能承担压力工作地点：广州海珠区昌岗中路金盛大厦简历请发送至hr@realpore.com公司购买社保海珠区昌岗中路金盛大厦广州德利信息科技有限公司合资50-150人,Web前端开发网站架构设计师,海珠区 昌岗中路 金盛大厦
Python 工程师,广州玄泰信息科技股份有限公司,0.9-1.3万/月,五险一金员工旅游定期体检绩效奖金年终奖金大厨午餐健身房零食水果定期聚餐弹性工作,广州-天河区|2年经验|本科|招1人|03-07发布,广州天河中山大道中379号联合社区广州玄泰信息科技股份有限公司民营公司少于50人,数据库工程师/管理员数据开发python开发python工程师,广州天河中山大道中379号联合社区
Python大数据开发工程师,广州百伦供应链科技有限公司,1-1.6万/月,五险一金员工旅游专业培训绩效奖金年终奖金股票期权带薪年假员工福利节日福利生日福利,广州-天河区|2年经验|本科|招1人|03-07发布,1、负责设计和开发分布式网络爬虫系统，进行电商等平台信息的抓取和分析；2、设计爬虫策略和防屏蔽规则，提升网页抓取的效率和质量；3、参与分布式爬虫和数据采集系统的架构设计和开发，快速响应业务变动；4、负责网络数据抓取规划、定期爬取指定网站的数据；5、参与数据层建设，专注于垂直领域数据爬取，进行多平台信息的抓取和分析；6、实现数据提取、清洗、结构化、入库、统计分析等需求；7、研究优化算法，提升爬虫系统的稳定性、可扩展性。任职要求：1、本科以上学历，计算机相关专业，有爬虫和反爬虫开发经验优先；2、具有1年以上爬虫开发经验，精通python，熟练使用多线程，熟悉常用的爬虫框架；3、熟悉MongoDB、Redis、Mysql，掌握MQ，了解HBase、KAFKA等；4、熟悉HTTP协议，熟悉正则表达式、XPath、CSS选择器等，了解常用验证码识别技术；5、熟悉hive，Hadoop，spark，能独立解决实际开发过程碰到的各类问题。天河慧通产业园广州百伦供应链科技有限公司民营公司150-500人,软件工程师PythonSparkhadoopHive,天河慧通产业园
Python开发工程师,赛业（广州）生物科技有限公司,6-8千/月,五险一金免费班车员工旅游餐饮补贴绩效奖金年终奖金弹性工作,广州|1年经验|大专|招1人|03-07发布|普通话精通英语良好|计算机科学与技术,"岗位职责：1、参与需求分析，产品设计，功能开发；2、负责系统平台的日常维护；3、与团队技术交流，共同进步4、承担Web后端的技术工作，开发和维护网站，主要编程语言是Python。任职要求：1、有扎实的编程功底，一年以上Python开发经验；2、熟悉MVC架构，精通Django或者其他PythonWeb开发框架者优先；3、具备数据库设计能力，精通掌握MySQL者优先；4、熟悉Linux操作系统，熟悉使用Git,GitLab等工具；5、有大型网络服务开发经验者优先；6、具备良好的编码习惯及开发文档书写习惯；7、具有优秀的团队合作和沟通协作能力，善于学习，乐于分享，能承受较大工作压力；8、有一定的Web前端技能，了解或熟悉HTML、CSS、JavaScript；公司福利：为员工办理社保、医保等5种保险以及住房公积金；餐费补贴指定线路的上班班车；公司定期举行各类员工活动等。广州科学城掬泉路3号国际企业孵化器D区3层赛业（广州）生物科技有限公司外资（欧美）150-500人",软件工程师系统开发数据库设计Python双休年终奖公积金,广州科学城掬泉路3号国际企业孵化器D区3层
Python全栈工程师,广州趣程教育科技有限公司,1.5-2万/月,五险一金定期体检股票期权弹性工作年终奖金绩效奖金通讯补贴餐饮补贴交通补贴出国机会,广州|3-4年经验|本科|招1人|03-06发布,"1.围绕高等教育及K12领域产品和解决方案进行开发和实现。2.与产品经理、UI配合，快速开发产品服务端原型。3.设计并编网络应用程序代码，良好代码风格。4.以英文书写规范文档【岗位要求】1.计算机相关专业本科以上学历，扎实的计算机基础，熟悉常用数据结构和算法。2.3年以上Python开发经验，熟练使用常用的Web框架Django,Flask，能够快速搭建产品原型3.掌握HTML5/CSS3，JavaScript以及一种主流Web前端框架。4.熟悉关系型数据库设计和优化，了解Linux常用命令。5.对项目管理有一定研究，会使用版本管理工具GIT。6.能基于OpenEdx框架进行二次开发者优先考虑番禺万博中心广州趣程教育科技有限公司创业公司少于50人",网站架构设计师,番禺万博中心
Python web讲师,传智播客教育集团广州分校,2-3万/月,五险一金员工旅游交通补贴餐饮补贴通讯补贴专业培训年终奖金弹性工作定期体检,广州-天河区|5-7年经验|大专|招2人|03-06发布,"岗位职责：1、按照课程大纲备课；2、按照课程大纲实施项目课程；3、根据需求研发新课，制作课程案例，编写教学文档；4、负责将研发的项目课程在班级落地实施讲解；5、负责攻关技术难点，学习最新的技术，整理文档并分享；任职要求：1、熟练掌握Python语言，4年以上Web开发经验；2、精通Python程序设计、熟悉Flask、Django或Tornado等框架；3、熟悉Linux操作环境，熟练使用Mysql、Nginx、MongoDB、Redis等数据库，以及数据库优化；5、熟悉HTTP协议及原理，Socket通信；6、熟练使用git、svn等源代码版本控制软件；7、熟悉golang,lua等语言优先，有分布式开发和运维经验优先；8、熟悉前端开发HTML+CSS,Javascript,Jquery,Ajax,熟悉Vue.js或者React.js其中一项可加分项；9、具备教育情怀，对教育事业具有奉献精神；10、表达能力优秀，能使用清晰明了、通俗易懂的方式向受众阐述观点；【丰厚的福利待遇】1、【工作时间】五天8小时工作制，周末双休；2、【五险一金】入职缴纳社保、住房公积金、意外险；3、【生活补贴】提供餐补、交通补；4、【假期福利】享受国家规定的节假日及带薪假期（年假、婚假、产假等）；5、【节日福利】节日礼品、员工生日礼物、父母节大礼包（关怀员工家人）；6、【温馨福利】年度体检、集体旅游；7、【团队活动】每月生日会、部门聚餐、轰趴等团建项目；8、【员工奖励】设有优秀员工奖、优秀团队奖等各种奖励机制；广州市天河区珠吉路58号津安创意园传智播客教育集团广州分校民营公司150-500人",培训讲师软件工程师,广州市天河区珠吉路58号津安创意园
Python研发工程师,深圳市比量科技传媒有限公司,0.6-1.2万/月,五险一金节日福利生日礼品带薪年假周末双休,珠海|2年经验|招3人|03-06发布,工作职责：-负责公司内部业务系统的功能开发工作职责要求：-2年以上Python实际项目经验-熟悉Linux工作环境，了解Nginx、Apache等Web服务器，。-熟悉PHP、Nodejs、Java等其他后端开发语言优先.-掌握Ajax、CSS等前端技术。-拥有优秀的数据库设计和优化能力，精通MySQL数据库应用，了解Redis/MongoDB等其他数据库系统-熟悉爬虫系统，参与过大型分布式、海量数据系统相关开发者优先。-良好的沟通，表达能力，具有团队合作精神，责任心强工作地点：广东省珠海市人民东路313号恒和中心910-912室深圳市比量科技传媒有限公司民营公司少于50人,高级软件工程师数据库工程师/管理员悉LinuxNginxApache前端技术数据库设计爬虫系统,人民东路313号恒和中心910-912室
Python高级开发工程师,广州西麦科技股份有限公司,1.1-1.6万/月,五险一金员工旅游餐饮补贴通讯补贴年终奖金定期体检商业险,广州|3-4年经验|本科|招2人|03-06发布,1、负责软件平台的架构设计工作，确保软件平台能满足项目的各项技术需求。2、指导项目组成员完成软件开发，解决项目中存在的各类疑难技术问题。3、系统核心代码的开发和维护。4、跟踪并研究关键技术和新技术并应用于项目。5、执行项目产品架构的设计和迭代优化。任职要求：1、本科及以上学历，计算机相关专业，3年以上工作经验并有1年以上技术带队经验。2、熟练运用Python语言，精通Django等Python标准库和流行的第三方库。3、熟悉架构设计，有优秀的系统设计和架构意识，熟悉软件设计模式和软件工程。4、能识别技术关键点，能指导开发团队进行技术攻关。5、精通mysql、oracle等主流数据库，熟悉数据库的安装、配置、设计与性能调优。6、熟悉Linux操作系统，熟悉Shell脚本。广州市黄埔区科学城科丰路31号G5栋2楼203广州西麦科技股份有限公司民营公司50-150人,高级软件工程师Python,广州市黄埔区科学城科丰路31号G5栋2楼203
python开发工程师-远光研究院,远光软件股份有限公司,1-1.5万/月,五险一金免费班车免费三餐绩效奖金年终奖金,珠海|3-4年经验|本科|招1人|03-06发布,人工智能方向工作职责:1、设计搭建python项目基础工程；2、基于tensorflow、pytorch等主流框架，进行相关算法实现功能;3、将python核心算法工程与业务系统集成方案设计；4、自然语言处理相关应用设计方案编写及与客户沟通交流；任职资格:1、精通python语言，熟悉tensorflow、Pytorch等主流框架；2、深刻理解面向对象设计理念和面向服务架构；3、有良好的代码编写能力，对机器学习常规算法CNN、RNN、FNN等有一定的了解；4、熟练产品设计文档编写、应用方案PPT编写；5、善于沟通交流。6、有自然语言处理经验者优先；7、熟悉JAVA语言及其主流框架springboot等优先;科技创新海岸远光软件园远光软件股份有限公司上市公司1000-5000人,高级软件工程师软件工程师pythontensorflowPytorch算法自然语言自然语言处理,科技创新海岸远光软件园
python工程师 python开发工程师,广州稻禾信息科技有限公司,0.8-1.5万/月,五险一金员工旅游专业培训绩效奖金弹性工作地铁口老板好定期体检年终奖金,广州-番禺区|2年经验|大专|招3人|03-06发布,1、负责公司产品需求分析、设计和开发；2、开发内部系统和新系统功能模块；3、负责设计文档及培训资料的编写。偶有出差需求任职要求：1）良好的python技术功底，熟悉常用架构模式，熟悉常用算法和数据结构，能够独立开发，有较强的学习能力，编程习惯良好，具有2年以上软件应用开发经验且至少参与过2个完整的项目；2）精通python常用框架Django，DjangoRestframework等，对java语言有一定的了解；3）熟悉Unix/Linux操作系统下的开发，nginx部署，维护工作；4）有丰富的数据库建模经验，有MySQL、MongoDB、Redis使用经验者优先；5）熟悉面向对象，熟悉服务器性能，安全性，稳定性优化；6）良好的英文读写能力；7）善于与他人沟通、合作，具有团队精神，良好的自学能力。为人处事积极乐观。加分项：1.喜欢跟踪和尝试新的技术，追求编写优雅的代码，从技术趋势和思路上能影响技术团队2.有Celery/Docker使用经验者优先广州市番禺区大石站B出口(地铁三号线即到）WE公馆B座9楼903-905广州稻禾信息科技有限公司民营公司少于50人,软件工程师高级软件工程师pythonLinuxDjangoMysqloraclenginxuwsgiredis,广州市番禺区大石站B出口(地铁三号线即到）WE公馆B座9楼903-905
Python开发工程师,浩鲸云计算科技股份有限公司,1.2-1.8万/月,五险一金补充医疗保险免费班车员工旅游专业培训餐饮补贴交通补贴绩效奖金弹性工作定期体检,广州-番禺区|无工作经验|本科|招若干人|03-06发布,岗位要求：1、负责设计、开发、维护爬虫系统及数据抓取；2、对海量数据进行建模、清洗、分析。任职资格:要求本科及以上学历，三年以上工作经验：1.有爬虫和反爬虫开发经验，有App爬取经验；2.熟悉linux平台开发，精通Python，熟悉大规模网页爬取，深度网页爬取，至少熟悉以下一种框架Nutch、Scrapy、Lucene、Heritrix、Solr、Sphinx等；3.了解MongoDB、Redis、Mysql，掌握MQ，了解HBase、KAFKA等；4.熟悉HTTP协议，熟悉正则表达式、XPath、CSS选择器等，了解常用验证码识别技术；5.能独立解决实际开发过程碰到的各类问题。石北工业路644号巨大创意产业园19栋3楼浩鲸云计算科技股份有限公司民营公司500-1000人,软件工程师高级软件工程师Python,石北工业路644号巨大创意产业园19栋3楼
Python开发工程师,珠海卡菲信息技术有限公司,0.6-1.2万/月,周末双休弹性工作带薪年假五险一金绩效奖金节日福利餐饮补贴,珠海-香洲区|1年经验|大专|招1人|03-06发布|英语一般|计算机科学与技术,1、1年以上Python后台开发的工作经验。2、有实际项目开发经验，熟悉Django等开发框架并有相关开发经验。3、熟练使用mysql，有相关开发经验。4、全日制大专以上学历，计算机相关专业。5、CET4珠海市香洲区唐家湾清华科技园A1002珠海卡菲信息技术有限公司民营公司少于50人,软件工程师后台开发,珠海市香洲区唐家湾清华科技园A1002
Python讲师,广州嘉为科技有限公司,0.8-1.5万/月,五险一金员工旅游通讯补贴专业培训绩效奖金年终奖金定期体检弹性工作餐饮补贴,广州-天河区|无工作经验|本科|招2人|03-06发布,广州市天河区天河路365号天俊国际大厦7层广州嘉为科技有限公司民营公司150-500人,软件工程师,广州市天河区天河路365号天俊国际大厦7层
Python工程师,广东优德科技有限公司,0.5-1万/月,五险一金绩效奖金年终奖金股票期权弹性工作,广州-海珠区|无工作经验|大专|招若干人|03-06发布,1、负责搭建以及维护爬虫系统，负责数据的抓取、解析、清洗、入库、更新等；负责爬虫的性能优化工作；2、负责各种自动化脚本、中间件等的开发和维护；3、熟悉Python编程，熟悉JavaScript、正则表达式、XPath等信息抽取技术，熟悉抓包分析请求并模拟；4、熟悉运用Linux操作系统，了解HTTP、TCP/IP、网络编程，了解进程、线程等概念，能独立解决简单常见的问题；5、了解分布式架构，有爬虫经验优先，熟悉scrapy、pyspider等者优先；6、掌握C/C++/Java/Python/Go等其他编程语言的优先；1.我们是一个以技术为主的团队，技术氛围活泼；2.团队大部分都是90后，轻松好玩；3.办公室处于广州中大门口，中大地铁出口2分钟即达，交通方便；4.上班时间人性化，不强制考勤；5.常备下午茶和各种零食，不定期团建活动；新港西路135号中大科技园A座1303广东优德科技有限公司民营公司少于50人,软件工程师python爬虫scrapypyspider,新港西路135号中大科技园A座1303
YJ-高级Python后台开发工程师,东莞松山湖国际机器人研究院有限公司,1.5-3万/月,五险一金餐饮补贴绩效奖金年终奖金弹性工作免费健身房～零食生日趴～股票期权,东莞-松山湖区|3-4年经验|本科|招3人|03-05发布,"工作职责1.负责部署相关应用平台2.搭建和维护各种自有和第三方系统3.负责Mysql数据库的日常监控、日志审计和和安全备份等管理4.负责建立日常运维管理制度，编写运维相关文档5.监控业务的运行状态，及时处理项目运行中出现的故障，保障项目服务24x7稳定运行6.搭建和维护数据库集群7.构建基于ElasticSearch（ES）的实时数据分析平台8.ELK集群的配置管理及优化任职要求1.熟悉Linux操作系统、TCP/IP2.熟悉MySQL、MongoDB数据库3.熟悉redis,RabbitMQ等中间件的使用4.掌握Docker、Zabbix或Open-falcon、jenkins等5.掌握分布式系统原理，对存储、队列一定的理解和认识6.有ELK分布式日志系统搭建及相关经验者优先7.熟悉Python语言特性，熟悉django、sqlalchemy、celery的使用优先条件1.熟悉ELK集群的搭建2.有大型上线项目，有带小团队的经验公司简介：云鲸智能科技（东莞）有限公司致力于使用先进的移动机器人技术提升生活品质，是一家专业研发服务机器人的高科技企业，2015年创立于东莞松山湖畔的国际机器人产业基地。云鲸目前有50余位研发人员。既有来自上海交通大学、东南大学、华中科技大学、香港科技大学、东北大学、华南理工大学、美国卡耐基梅隆大学、英国布里斯托大学、美国佐治亚理工学院等国内外知名学府的新锐工程师，也有来自大疆、华为、中兴、格力、伟易达、艾默生、创维、小米生态链等知名企业的资深工程师，其中在原公司任职总监/总工级别人数有5位。通过近4年的研发，云鲸在激光雷达SLAM、双目视觉、惯导融合方面有着深厚的技术积累，拥有自主研发的全套的服务机器人软件。也积累了丰富的多传感器融合和机电设计经验，能让机器人对复杂环境进行动态避障，高效处理各项任务。同时，核心算法经过长时间测试，具备产业化能力。云鲸立足于商用和家用清洁机器人领域，致力于开发最智能的清洁机器人产品。东莞市松山湖区总部一号机器人产业基地17A栋A611东莞松山湖国际机器人研究院有限公司民营公司150-500人",软件工程师python,东莞市松山湖区总部一号机器人产业基地17A栋A611
Python全栈开发,广东中粤电力科技有限公司,0.6-1.2万/月,五险一金员工旅游绩效奖金年终奖金定期体检,广州-黄埔区|2年经验|本科|招2人|03-05发布|普通话熟练英语良好|计算机科学与技术软件工程,工作职责：1.负责Pythonweb全栈开发，同时负责前端和后台开发2.利用多种技能独立完成web应用软件开发任职资格：1.本科以上学历，计算机、软件工程、自动化等相关专业毕业；2.具备Python开发经验1年以上；3.熟悉Python语言，至少熟悉一种框架，如Flask、Django等；4.熟悉前端的基本调试工具，并熟练掌握HTML5、CSS3、jQuery、Ajax等Web前端技术；5.熟悉前端开发的开源工具包Bootstrap，有响应式页面开发经验者优先；6.熟悉MariaDB（MySQL）、Oracle或其他任何一种关系型数据库管理系统（RDBMS）；7.了解MongoDB；8.具有良好的代码习惯，结构清晰，命名规范，逻辑性强；9.思路清晰开阔，能够独立分析解决问题;10.学习能力强，技术视野广阔，乐于不断学习新知识；11.有良好的团队精神和与客户的沟通能力；12.具有并行计算编程能力者优先。科学城科研路3号印客时光4楼广东中粤电力科技有限公司民营公司少于50人,软件工程师高级软件工程师Pythonweb后端开发软件开发全栈,科学城科研路3号印客时光4楼
Python中级开发工程师,珠海永亚软件有限公司,0.8-1万/月,,珠海|无工作经验|招1人|03-04发布,12年及以上Python开发经验，精通Python开发。2熟悉面向对象编程方法，有良好的编码风格3熟练使用mysql、oracle等常用数据库，有较强的数据库设计能力，对sql性能调优、数据库连接池、线程池等熟悉者优先考虑4掌握搜索、消息、缓存、任务、大数据处理者优先考虑5掌握应用整体架构、部署，对在高并发处理情况下的负载调优有相关经验者优先考虑6.有过K8S/Docker/ElasticSearch深度使用经验或定制开发经验者优先珠海市南方软件园B6栋一楼珠海永亚软件有限公司外资（非欧美）50-150人,软件工程师,珠海市南方软件园B6栋一楼
python Web开发,广州云信息科技有限公司,0.8-1.5万/月,五险一金餐饮补贴弹性工作股票期权,广州-番禺区|无工作经验|招5人|03-04发布,大学城中二横路22号国家数字家庭基地B座7楼广州云信息科技有限公司民营公司50-150人,软件工程师python,大学城中二横路22号国家数字家庭基地B座7楼
Python开发工程师,广州连元信息科技有限公司,1-1.3万/月,六险一金周末双休下午茶专业培训年终奖金绩效奖金,广州-天河区|3-4年经验|招1人|03-04发布,主要负责灾备切换自动化、部署发布等传统流程优化、专业软件管理平台的后台开发、用户服务中心建设等，并加速日常运维操作、应急恢复、弹性扩缩、快速问题定位、故障诊愈等方面的自动化内容建设；开发人力的技能需求如下：1、熟练掌握Python语言，有四年以上Python开发经验；具有Python运维开发经验或数据分析经验者优先；2、熟悉Web前端技术，掌握html、js与css，熟悉jQuery、Bootstrap等前端技术框架；3、熟悉Linux操作系统，熟悉Shell脚本开发；4、熟悉Linux下常用开源软件的安装配置，如Apache、Nginx、MySQL等；5、具有良好的沟通能力和学习能力；6、有运维项目开发或实施经验者优先；上班时间：08：30-17：30（弹性一小时）、周末双休、无加班文化福利：入职购买六险一金、年终奖、下午茶保利威座广州连元信息科技有限公司民营公司50-150人,软件工程师,保利威座
Python高级开发工程师,珠海市同海科技股份有限公司,1-1.5万/月,绩效奖金年终奖金员工旅游五险,珠海|3-4年经验|本科|招2人|03-03发布,1.本科学历，计算机专业优先；2.至少两年Python开发经验；3.可接受出差；4.具体团队协作精神。珠海市吉大景园路15号珠宝大厦5楼珠海市同海科技股份有限公司民营公司150-500人,高级软件工程师算法工程师Python开发,珠海市吉大景园路15号珠宝大厦5楼
python研发工程师,广州非凡信息安全技术有限公司,0.7-1万/月,五险一金员工旅游交通补贴年终奖金弹性工作周末双休餐饮补贴,广州-天河区|无工作经验|大专|招1人|03-02发布,工作职责：开发与优化公司安全产品职位要求：应届生或者实习生都可应聘该岗位1、熟悉python开发、熟悉Mysql数据库操作2、熟悉Scrapy、flask等框架，有爬虫、数据处理、多线程处理等类似的python脚本经验3、熟悉json、xml等数据结构4、有探索精神，能读基本懂国外技术文章5、有网络安全相关经验优先考虑，比如写过POC，懂点渗透体育西路109号高盛大厦11楼E单元广州非凡信息安全技术有限公司民营公司少于50人,软件工程师python研发应届生,体育西路109号高盛大厦11楼E单元
Python高级开发工程师,广州天鹏计算机科技有限公司,1-2万/月,周末双休带薪年假餐饮补贴绩效奖金丰厚奖金股票期权六险一金定期体检弹性工作,广州-天河区|2年经验|招1人|03-01发布|普通话|计算机科学与技术,1、负责Python计算引擎的架构设计以及核心功能模块的实现2、参与Python计算模块的功能设计、功能拆分、计划制定以及开发测试过程；3、持续重构与维护python组件，维护和保持可用性和稳定性；4、可以独立跟进需求项目开发进度；5、完成上级领导安排的其他工作。1、2年或2年以上Python服务器应用开发经验。精通Python服务端编程。2、熟悉Django/flask等web开发框架。并具有独立搭建、维护和优化Django/flask框架和系统的能力，以及实现和处理高可靠性、高并发性系统经验。3、熟悉大数据分析处理应用和人工智能应用者优先；4、对代码和设计质量有严格要求，重视代码检查和审核，良好的编程习惯的标准；5、具备良好的学习能力、沟通能力和团队协作精神，对技术有非常强烈的热情；黄埔大道西100号富力盈泰广场广州天鹏计算机科技有限公司民营公司150-500人,高级软件工程师PythonMQNoSQLDeepdive,黄埔大道西100号富力盈泰广场
Python Web全栈开发工程师,广东杉木药业有限公司,0.8-1.5万/月,社保员工旅游交通补贴通讯补贴住房补贴绩效奖金年终奖金五险一金,广州|3-4年经验|大专|招3人|02-28发布,职位描述：1、负责Web后端系统架构设计，框架编写，接口规范制定；2、完成功能模块的设计、开发、测试、文档编写等工作；3、挑战各种问题，不限于单一语言，创新性解决问题。职位要求：1、热爱编程和学习，有团队精神，具备Python全栈或全端开发能力；掌握一门Javascript、Python之外的其他开发语言；2、3年以上pythonweb框架(Django或Tornado)开发经验，具备RESTfulAPI的开发经验；有基本的前端技能，了解基本的网页设计知识，如HTML、CSS、JavaScript、jQuery；3、熟悉Linux操作系统，了解docker，能够进行日常服务的测试部署；4、具有构建分布式任务系统经验（Celery/RabbitMQ/Redis）优先；5、在GitHub有个人完整的项目以及其对应的在线部署者优先。岗位薪酬：1、基本薪酬8K-15k/月2、有竞争力的薪资福利体系(五险/双休/年假)3、量身定做的员工发展计划广州市天河区马场路16号富力盈盛广场B栋1901－1903广东杉木药业有限公司民营公司50-150人,互联网软件开发工程师开发工程师软件工程师,广州市天河区马场路16号富力盈盛广场B栋1901－1903
Python开发工程师,广州趣丸网络科技有限公司,2-2.5万/月,五险一金带薪年假专业培训节日福利周末双休包早午餐,广州-天河区|3-4年经验|本科|招若干人|02-27发布,岗位职责：1、负责TT语音运营管理后台的开发；2、负责运维自动化平台的开发。岗位要求：1、熟悉linux，精通python，有2年以上python相关项目开发经验；熟悉golang者为佳；2、熟悉django/tornado/flask等pythonweb框架；3、熟练使用mysql、mongodb、redis、memcached等数据库；4、熟悉HTML、CSS、Javascript，了解vue.js或其它前端框架，具备独立开发前端页面的能力；5、具备良好的学习能力，富于团队精神，善于沟通；6、对新技术敏感度较高，喜欢研究与尝试；7、熟悉运维自动化工具，以及docker、k8s等容器化技术者优先。广州市天河区黄埔大道西122号星辉中心17楼广州趣丸网络科技有限公司民营公司150-500人,互联网软件开发工程师python运维开发,广州市天河区黄埔大道西122号星辉中心17楼
Python开发工程师,东莞币比科贸易有限公司,6-8千/月,五险一金弹性工作周末双休每周聚餐,东莞-常平镇|无工作经验|招1人|02-26发布,1、了解一定python基础。2、根据项目需求进行数据分析与技术支持；4、对语言编程有一定的了解。5、本公司扩展业务，可接受优秀应届毕业生。天鹅湖百润高端工贸园东莞币比科贸易有限公司外资（非欧美）少于50人,软件工程师ERP技术开发,天鹅湖百润高端工贸园
Python开发工程师,广州艾米会电子商务有限公司,1.2-1.8万/月,周末双休五险一金专业培训节日福利带薪年假年度体检员工家属福利年度加薪,广州-天河区|3-4年经验|本科|招2人|02-26发布,"岗位职责：1、人工智能相关系统的开发。任职要求：1、精通Python相关的后台开发技术，掌握至少一种Python后端框架（如Flask/Django/Tornado等）,熟悉RESTfulAPI设计规范；2、熟悉常用的数据结构及算法,深入理解HTTP/TCP/WebSocket等网络协议,了解物联网协议MQTT更佳；3、熟练掌握MySQL/MongoDB等数据库的使用,以及Redis/Memcached缓存技术,了解图数据库Neo4j更佳；4、熟悉Linux系统,精通Nginx的配置及部署,掌握Supervisor/Gunicorn/uWSGI的使用;5、具有云计算平台的使用经验（如阿里云/腾讯云/AWS等）,对docker技术有一定的了解;6、具有3年以上的开发经验，能够流畅地阅读英文文档,可以独立完成技术架构、概要设计、详细API设计及编码、进行代码审查及文档撰写;7、熟练使用git版本控制工具,具有良好的代码规范;8、加分项:对深度学习或数据挖掘相关知识有所了解。龙口西路1号保利中辰广场A座2101室广州艾米会电子商务有限公司民营公司50-150人",互联网软件开发工程师Python开发工程师爬虫Java,龙口西路1号保利中辰广场A座2101室
Python开发工程师（AI）,广州德亨信息技术有限公司,0.8-1.2万/月,员工旅游周末双休节日福利弹性工作,广州|1年经验|大专|招2人|02-25发布,"主要职责：1.负责AI后台服务的开发与维护；2.负责大数据挖掘、深度学习、推荐系统等算法工程实现和优化。任职要求：1、1年以上Python经验，熟悉Django,Tornado,Flask框架中的至少一种，熟悉Web后端架构2、拥有数据分析建模理论、熟悉数据分析建模过程；3、熟练掌握NumPy和SdPy科学计算工具的使用；4、熟练掌握Pandas数据分析工具的使用；5、熟练掌握Matplotlib和Seaborn等数据可视化工具，掌握Bokeh交互式数据可视化者优先；6、熟练掌握NLTK、Jieba等文本数据分析工具，以及对数据进行情感分析和分类；7、掌握图像数据处理及分析，以及常用的图像特征描述；8、掌握常见机器学习算法（如逻辑回归、SVM、神经网络、决策树、贝叶斯等）；9、扎实的计算机基本功及数学基础10、具有较好的团队合作精神、沟通能力和较强的责任感；11、思路清晰，有较强的学习能力。12.熟悉java／C／C++语言优先;广州市科学城光谱西路3号邮通408广州德亨信息技术有限公司民营公司50-150人",其他开发工程师AI,广州市科学城光谱西路3号邮通408
Python爬虫研发工程师,广州多益网络股份有限公司,1-2万/月,,广州-黄埔区|1年经验|本科|招若干人|02-25发布,工作职责1.参与分布式爬虫和数据采集系统的架构设计和开发；2.负责网络数据抓取规划、定期爬取指定网站的数据；3.设计爬虫策略和防屏蔽规则，提升网页抓取的效率和质量；4.参与数据层建设，专注于垂直领域数据爬取，进行多平台信息的抓取和分析；5.实现数据提取、清洗、结构化、入库、统计分析等需求；6.研究优化算法，提升爬虫系统的稳定性、可扩展性。职位要求1.本科以上学历，计算机相关专业，有爬虫和反爬虫开发经验优先，有App爬取经验优先；2.熟悉linux平台开发，精通Python，熟悉常用的爬虫框架和工具；3.熟悉MongoDB、Redis、Mysql，掌握MQ，了解HBase、KAFKA等；4.熟悉HTTP协议，熟悉正则表达式、XPath、CSS选择器等，了解常用验证码识别技术；5.能独立解决实际开发过程碰到的各类问题。伴河路广州多益网络股份有限公司民营公司1000-5000人,脚本开发工程师算法工程师爬虫python,伴河路
c++/python 主程,广州艾克斯曼网络科技有限公司,1.5-2万/月,五险一金餐饮补贴定期体检年终奖金带薪年假团队聚餐发展空间大,广州-天河区|5-7年经验|本科|招2人|02-25发布,广州市天河区东圃一横路23号时代TITA座419-421广州艾克斯曼网络科技有限公司民营公司150-500人,互联网软件开发工程师C/C++python,广州市天河区东圃一横路23号时代TITA座419-421
python开发工程师,广州市华誉电脑系统有限公司,6-8千/月,五险一金员工旅游年终奖金,广州-白云区|2年经验|大专|招若干人|02-25发布|计算机科学与技术信息与计算科学,广州市白云区远景路穗景大厦C座3楼3G广州市华誉电脑系统有限公司民营公司50-150人,软件工程师高级软件工程师软件开发开发工程师计算机pythonDjango,广州市白云区远景路穗景大厦C座3楼3G
Python实施开发工程师,上海艺赛旗软件股份有限公司,0.7-1.2万/月,五险一金员工旅游交通补贴餐饮补贴通讯补贴年终奖金定期体检专业培训绩效奖金股票期权,广州|2年经验|本科|招1人|02-22发布,1.负责机器人流程自动化RPA产品的售前支持工作；2.负责支持销售人员完成客户需求交流、PPT演讲及产品Demo演示、编写技术方案、产品POC测试以及整个投标过程；3.负责售前阶段文档资料的编写：包括公司资料、可行性报告、技术建议书、项目规划建议等；4.根据典型客户的应用场景，进行价值提炼与分析，提出产品优化的建议；5.负责面向客户、内部员工与渠道合作伙伴的产品和案例培训；6.完成上级领导交给的其他工作任务；岗位任职资格：1.本科以上学历，计算机相关专业，熟悉python优先；2.具有3年以上软件产品售前工作经验，了解运营商、金融相关行业的业务和IT环境；3.熟悉安全技术、网络知识，能安装操作Linux、UNIX等操作系统，了解常见数据库系统；4.熟练使用售前工具：Word、PPT、Visio、Project等；5.形象良好、语言表达和思维逻辑清晰、书面表达能力强、演讲能力强。6.能够适应出差的工作安排。客户现场上海艺赛旗软件股份有限公司上市公司50-150人,技术支持/维护经理技术支持/维护工程师python软件实施技术支持,客户现场
Python开发工程师,广州市鼎源信息技术有限公司,0.8-1万/月,,广州-越秀区|无工作经验|招3人|02-22发布,"1、参与项目系统调研、设计、开发，实施等工作；2、负责调研报告编写、项目方案起草、项目交付文档编写等；3、开发客户化功能模块；4、计算机相关专业本科学历；职位要求：1、熟悉Python语言，一年以上Python开发经验，独立开发过系统过大型功能模块者优先；2、能熟练使用MySQL数据库、PostgreSQL数据库或ORACLE数据库等主流数据库；3、熟悉WEB开发技术，对CSS、HTML、XML、DIV、JSP、JQuery等技术；4、良好的编码习惯和文档编写能力，对服务器架构有一定了解，具备良好的分析解决问题能力，理解各MVC,ORM等框架；5、了解ERP系统的业务功能及基本应用，有ERP系统实施经验优先；6、有一定的英文文档阅读能力，熟悉odoo平台开发的优先；黄花岗街道先烈中路81号大院80栋519广州市鼎源信息技术有限公司民营公司少于50人",软件工程师python开发开发工程师,黄花岗街道先烈中路81号大院80栋519
Python开发工程师,广州市勒特米计算机科技发展有限公司,6-8千/月,,广州-天河区|1年经验|大专|招5人|02-22发布,"岗位要求如下：1.全日制大学专科及以上学历，计算机相关专业；2.熟练操作计算机，计算机基础知识扎实3..熟悉自动化测试开发，掌握python语言，有编程基础；4.熟悉数据库SQL基本语句5.工作严谨细致,具有良好的敬业精神，团队合作精神，很强的沟通能力，较强的逻辑推理能力，有很强的责任心；6.有一年或以上相关工作经验7.有电信行业经验者优先天河暨南花园广州市勒特米计算机科技发展有限公司民营公司少于50人",软件工程师,天河暨南花园
Python后台,恒拓开源信息科技股份有限公司广州分公司,0.9-1.4万/月,,广州-天河区|2年经验|大专|招1人|02-21发布,1、大专及以上学历，熟练掌握Python语言，有两年以上Python开发经验；具有Python运维开发经验或数据分析经验者优先；2、熟悉Web前端技术，掌握html、js与css，熟悉jQuery、Bootstrap等前端技术框架；3、熟悉Linux操作系统，熟悉Shell脚本开发；4、熟悉Linux下常用开源软件的安装配置，如Apache、Nginx、MySQL等；5、具有良好的沟通能力和学习能力；6、有运维项目开发或实施经验者优先。冼村路11号保利威座北塔26楼恒拓开源信息科技股份有限公司广州分公司民营公司500-1000人,软件工程师技术支持/维护工程师Python运维Linux,冼村路11号保利威座北塔26楼
软件开发工程师（python）,珠海市鸿瑞信息技术股份有限公司,4.5-6千/月,五险一金员工旅游餐饮补贴专业培训年终奖金定期体检,珠海|无工作经验|招2人|02-20发布,岗位职责：1、了解客户现场功能需要求，实现对产品的开发。包括：产品框架的设计，算法的开发与实现。产品说明书的编写。2、根据公司产品的测试需求，开发相关的测试软件。3、与公司其它部门协作，完成项目部份脚本的编写。资质要求：1、本科学历，计算机相关专业；2、熟练使用Linux编程环境及工具链；3、熟练使用Python语言，具有独立开发Python3年经验者优先；4、熟悉MySQL，具备数据库应用开发能力；5、了解TCP/IP协议栈，熟练WebSocket编程；6、具有良好的沟通能力与团队协作能力珠海市唐家大学路101号清华科技园创业大楼A座605珠海市鸿瑞信息技术股份有限公司民营公司150-500人,软件工程师python软件开发,珠海市唐家大学路101号清华科技园创业大楼A座605
PYTHON课程老师,广州果壳里科技有限公司,0.7-1.2万/月,,广州-海珠区|1年经验|本科|招若干人|02-18发布,"职位描述岗位要求1、大学本科或以上学历（信息学专业优先）2、热爱教育事业，具有良好的亲和力，逻辑思维能力强，普通话标准，良好的沟通和交流能力；3、具有较强的敬业精神和创新意识；岗位职责：1、课前准备：掌握DASH编程学院的整个课程体系，并熟练使用各种教具,认真备课。2、授课执行：根据校区教学部安排高标准的完成授课任务。3、课后跟进：根据总部要求编写会员档案，跟进会员及家长回访，协助校区完成会员续费、补费及家长转介绍等市场行为。体验课后进行助单工作，或独立谈单工作。4、学习提高：积极参与校区教学研讨等会议。自行加强工作技能的提升学习，不断提升授课水平。同时加强职业心态及素养的完善。5、其它工作：如市场活动的配合活动操作、电话约访等等。薪酬福利：1、为员工购买五险（养老保险、医疗保险、失业保险、工伤保险、生育保险）和住房公积金；2、全年校区业绩达标，可提供国内国外旅行；3、依法享受国家规定的法定节假日（进行调休）；4、丰富的员工及文体活动，如团队拓展、年终晚会、团建聚餐、郊外旅游等；5、提供岗前培训、业务知识、销售技能、行业拓展培训及其他专业化的培训和管理晋升机会，注重员工职业发展。月休4天，上班时间平日13:30-21:00，周末10:00-18:00。广州市海珠区新港东路1008号之一会展南五路3号凤浦中路801号803号201房自编4、5号广州果壳里科技有限公司民营公司少于50人",其他,广州市海珠区新港东路1008号之一会展南五路3号凤浦中路801号803号201房自编4、5号
Python项目经理/教育集团,广州市达内软件职业培训学校,0.8-1万/月,周末双休五险一金包住宿带薪年假餐饮补贴绩效奖金节日福利出国机会员工旅游股票期权,广州-黄埔区|1年经验|大专|招5人|02-12发布,岗位职责：1．完成部门布置的教学工作要求；2．解决学员技术问题；3．反馈教学效果；4．按周分析周考情况，并根据周考情况辅导学员，提升学员成绩；5.对学员进行有针对性的串讲、辅导工作。任职资格1.1年以上Python项目经理工作经验；2.具备计算机软件开发技术相关专业知识；3．熟悉.python技术方向；4.具备良好的人际交往能力、组织协调能力、沟通能力以及解决复杂问题的能力；5.具有优秀的团队领导能力，计划执行能力、责任心、事业心。工作地址：广州市黄埔区开发大道428号招商银行2楼（ATM机上2楼）招聘直通车：HR***晓晓13048849746(微信同上，备注岗位+名字）主动联系优先录用邮箱：2387802664@qq.com广州市黄埔区开发大道428号招商银行2楼广州市达内软件职业培训学校上市公司5000-10000人,培训讲师项目经理Python讲师IT讲师项目经理Python助教老师,广州市黄埔区开发大道428号招商银行2楼
Java/Python高级工程师(职位编号：Galanz000557),中山市格兰仕生活电器制造有限公司,1.5-3万/月,免费班车餐饮补贴专业培训带薪年假健身房,中山|5-7年经验|本科|招1人|02-12发布,1、负责平台PaaS层开发工作；2、对PaaS各功能模块进行平台架构细节设计；3、优化整体开发逻辑以及功能逻辑；（注：输出文档及开发架构为主）1、精通Java/Python开发；2、精通各开发组件以及开发框架；3、5年以上开发经验；4、负责过项目整体开发架构设计。中山市黄圃镇兴圃大道东3号中山市格兰仕生活电器制造有限公司民营公司500-1000人,软件工程师,中山市黄圃镇兴圃大道东3号
python开发工程师,广州君和信息技术有限公司,0.5-1万/月,五险一金员工旅游绩效奖金周末双休带薪年假,广州-越秀区|1年经验|大专|招1人|02-09发布,岗位职责：1.按照要求进行Python程序分析、开发、实现2.按照需求对Planbar软件进行二次开发任职要求：1、精通PHP+Mysql2、熟悉MySQL数据库的设计、使用和优化，熟悉存储引擎、事务3、熟悉HTML/CSS/JS/Ajax/JSON/bootstrap等前端技术4、熟悉Python语言优先考虑5、二年以上PHP项目开发经验6.有BIM软件开发者优先7.有土木工程基础知识背景优先广州市东风中路445号越秀城市广场北塔2007广州君和信息技术有限公司民营公司50-150人,软件工程师PythonPlanbar数据挖掘算法BIM软件土木工程软件开发,广州市东风中路445号越秀城市广场北塔2007
诚聘python培训讲师/教师,广州市越秀区培贤职业培训学校,0.6-1.2万/月,,广州-越秀区|3-4年经验|本科|招若干人|02-01发布,岗位职责：1、负责Python公开课、试听课授课和课程宣讲；2、负责Python学员答疑；3、完成其他教学相关工作；职位要求：1、大学本科学历以上，计算机专业，有2~5年python相关培训经验；2、有教师资格证优先；3、热爱教育行业，有意愿成为讲师进行授课；4、形象气质佳，普通话标准；良好的书面和口头表达能力，亲和力及工作条理性强，沟通应变能力强；5、踏实肯干，责任心强；良好的团队合作精神；6、熟练掌握Python编程语言与机器学习框架；7、全职***均可【我们有什么】高级商务写字楼，环境舒适，靠近地铁站，交通便利；为你配备微波炉、冰箱、饮水机等设备一应俱全；WIFI全覆盖，空调冷气十足！广州市越秀区东风中路268号广州交易广场8楼培贤教育广州市越秀区培贤职业培训学校民营公司500-1000人,培训讲师其他培训讲师python,广州市越秀区东风中路268号广州交易广场8楼培贤教育
Python开发工程师,北京宝信科技有限公司,1-1.5万/月,五险一金员工旅游专业培训年终奖金节日福利国定节假日带薪年假体检报销,广州|无工作经验|招2人|01-28发布,1、技术能力：Python，DBA；金融行业系统开发经验2、英语四级，读写能力出色岗位职责：负责汇丰银行对接恒生各系统的开发以及运维工作职位要求：1.计算机相关专业，本科及以上学历；2.两年以上软件开发经验，一年以上金融行业系统开发经验3.熟悉Linux/Oracle基本操作（需要有至少一人具备dba工作经验，强项为这个）4.熟悉Python或Java开发语言，Python优先考虑；能够快速响应客户需求，开发对应恒生系统的辅助工具；5.英语四级，文笔流利，良好的学习能力、服务意识；6.良好的语言表达能力，亲和力，勇于承担的工作责任心；7.良好的服务意识和团队合作精神；8.较强的责任心和沟通协调能力，能承担较大工作强度；广州市太古汇二座北京宝信科技有限公司民营公司50-150人,软件工程师,广州市太古汇二座
Go/Python语言开发工程师,广州市长寿村饮品（连锁）有限公司,4-7千/月,五险一金绩效奖金,广州-天河区|1年经验|本科|招1人|01-21发布|计算机科学与技术计算机信息管理,珠江新城马场路附近广州市长寿村饮品（连锁）有限公司民营公司500-1000人,数据库工程师/管理员软件工程师,珠江新城马场路附近
Python开发工程师,惠州市天宇智能科技有限公司,5-8千/月,五险一金补充医疗保险补充公积金员工旅游交通补贴餐饮补贴通讯补贴年终奖金,惠州|2年经验|大专|招2人|01-20发布,1、熟悉Python，编写过web应用程序；2、熟悉Django/Flask等任意Web框架一种或者多种。3、掌握web页面交互流程，熟悉Javascript调试技术。4、熟悉PostgreSQL或MySQL数据库操作，熟悉SQL语句编写和性能调优。5、有Linux环境使用经验，可以看懂并简单修改Bash/C/Python/Java代码。6、理解并使用过源码管理工具/单元测试框架/自动化测试工具。7、沟通能力，自学能力强，有强烈的求知欲，有独立解决分析、解决问题的能力，良好的团队合作意识。演达大道德明合立方2单元26楼惠州市天宇智能科技有限公司民营公司少于50人,软件工程师python,演达大道德明合立方2单元26楼
大数据开发/python工程师,广州品宜贸易有限公司,20-30万/年,五险一金员工旅游通讯补贴补充公积金补充医疗保险绩效奖金年终奖金定期体检,广州-天河区|5-7年经验|本科|招1人|01-17发布,工作职责：1、负责底层数据架构设计及底层数据清洗，并支持业务对业务行为数据的分析和实现公司大数据项目的开发；2、参与大数据平台的架构设计和关键模块研发；3、与产品经理、用户和测试经理进行沟通、交流，相互协作完成项目；4、负责相关技术文档编写。技能要求：1、有丰富的ETL经验和底层数据架构经验；2、熟悉大数据开发基本问题、工具和方法，熟悉并使用过大数据相关框架或组件如Kafka、Storm、Hive、Spark、ElasticSearch、HBase等；3、具有带项目团队的经验，具有良好的英文技术文档阅读能力；4、熟悉Java、Python等主流开发语言和Linux系统的shell脚本操作；5、了解关系型数据库基本原理，熟悉使用Oracle、MySQL、MSSQL、PostgreSQL等数据库；6、数据分析、推荐、机器学习、数据挖掘相关的开发工作优先。万菱汇广州品宜贸易有限公司民营公司少于50人,高级软件工程师大数据开发/分析python大数据架构设计ETL底层数据架构主流开发语言,万菱汇
Python后端开发工程师 （情报中心）,华南智能机器人创新研究院,0.5-1万/月,五险一金绩效奖金年终奖金定期体检,佛山|1年经验|大专|招若干人|01-14发布,"1.确保项目开发按时完成，并且达到公司的质量和需求标2.和公司团队为客户提供项目建议，讨论开发需求，提供解决方案3.参与项目相关技术设计和估算，和项目开发团队执行项目的应用程序开发1.IT相关专业，至少1年以上相关工作经验；2.具有良好的数据结构基础知识，及应用经验；3.精通Python/Django并且有MySQL的经验；4.精通opensource软件开发，有Python,Django,及其他CMS经验；5.有大型网站开发的经验；6.参与过至少两个应用系统项目的开发；7.较强的逻辑思维及学习能力，良好的编程技巧和编程风格8.良好的执行能力，较好的完成预定任务；9.责任心强，善于与人沟通，团队合作精神强，能吃苦耐劳；10.具备一定的英语读写能力佛山市顺德区乐从镇岭南大道南2号中欧中心华南智能机器人创新研究院事业单位50-150人",软件工程师应用程序开发精通Python,佛山市顺德区乐从镇岭南大道南2号中欧中心
风险数据分析师 (MJ001721),欢聚时代（多玩YY）,1.5-3万/月,,广州-番禺区|3-4年经验|本科|招2人|03-13发布,岗位职责：1．基于历史数据和专家经验，通过数据分析、挖掘，设计与优化风控策略；2．根据业务上出现的指标变化快速进行场景推断并通过数据进行验证；3．将信审，催收反馈的具体案例或模糊描述进行逻辑抽象，分析背后原因；4．与大数据，产品、技术团队深度合作，推进风控策略落地。岗位要求：1．数学、统计、金融、管理科学、计算机等相关专业的硕士或以上学历；2．有两年以上数据分析相关工作经验，有东南亚现金贷（越南/印尼/菲律宾）数据分析经验的优先考虑；3．熟练的SQL数据处理能力；熟练使用至少某一种专业分析工具，如SAS、Python、R等；4．良好的分析问题和解决问题能力，自我驱动，并且具备较强的学习能力、创新应用能力及沟通协调能力。南村镇万博二路79号万博商务区万达商业广场北区B-1栋欢聚时代（多玩YY）民营公司1000-5000人,风险管理/控制,南村镇万博二路79号万博商务区万达商业广场北区B-1栋
运维经理,三七互娱,1.5-3万/月,五险一金交通补贴餐饮补贴通讯补贴出国机会绩效奖金年终奖金弹性工作定期体检,广州|无工作经验|招1人|03-13发布,职责描述：1、负责国内海外平台的运维保障，确保全年稳定运行SLA达标；2、负责国内海外资源的管理和优化，持续集成；3、负责平台架构审核优化、系统监控、持续交付、应急响应、容量规划等；4、为平台业务稳定运行负责；为业务提供稳定、高效运行环境；4、深入理解大型交互式平台，发现并解决重大故障及性能瓶颈；5、持续的创新和优化能力，提升平台整体质量，改善控制系统成本；任职要求：1、5年以上大型平台运维从业经验;本科或本科以上学历，计算机、通信、软件工程相关专业；2、深入理解linux系统，常用服务器组件，运维体系结构，精于容量规划、架构设计、性能优化；3、熟悉OpenStack、虚拟化kvm/VMWare、ceph等。4、具备很强的故障排查能力，有很好的技术敏感度和风险识别能力；5、良好的客户服务意识，善于团队协作，项目管理。主动思考，自我驱动力强；6、能够承受较大的工作压力，以结果和行动为准则，努力追求成功；7、有开发经验优先，精通一门以上脚本语言(shell/perl/python等);天河区百合路19号三七互娱大厦三七互娱上市公司1000-5000人,技术支持/维护经理,天河区百合路19号三七互娱大厦
数据分析工程师,广州市香港科大霍英东研究院,0.8-1.3万/月,五险一金补充医疗保险免费班车绩效奖金定期体检带薪年假周末双休,广州-南沙区|2年经验|本科|招1人|03-13发布|英语熟练|数学与应用数学计算机科学与技术,岗位职责：1、完成大数据算法研究开发任务，并能在应用开发中熟悉各类统计图表的应用场景；2、负责业务数据收集整理，对多种数据源的进行诊断性组合分析、挖掘和建模；3、根据项目要求独立完成数据搜集和数据处理过程；4、理解数据挖掘模型及预测分析结果，撰写相关分析报告。任职要求：1、全日制本科以上学历，数学，统计或计算机相关专业、两年以上工作经验；2、掌握GIS空间分析理论和方法（例如网络分析、空间分析等），熟悉相关工具的应用和开发技术，能够对各类软件项目中设计分析模块的梳理和开发；3、具备良好的业务挖掘和分析能力，能对数据进行统计建模分析；4、能熟练使用MATLAB/Python等完成数据分析任务；5、熟练使用MySQL、MySQL等数据库系统并熟悉主流数据库的字段类型优先；6、具备良好的报告撰写能力。资讯科技园科技楼广州市香港科大霍英东研究院非营利组织150-500人,其他大数据算法数据分析,资讯科技园科技楼
中级运维工程师,广州幸福世纪科技有限公司,1-1.6万/月,,广州-天河区|5-7年经验|大专|招1人|03-13发布,岗位职责：1、负责日常的建设部署、平台安全、配置管理、线上变更、监控报警及故障响应等工作，参与并推进各产品运维的体系化和规范性。2、负责线上稳定性工作，负责应用、管理、监控等平台的搭建与维护。3、参与产品的架构演进，参与规划基础设施、网络、系统、存储、数据库与应用等技术体系，夯实产品稳定性的基础。4、负责突发事件的快速响应和处理，解决服务器和网络故障。5、负责编写运维相关文档，制定安全备份策略及运维流程。任职要求：1、本科以上学历，计算机相关专业，具备3年以上实际运维工作经验；2、对Linux操作系统有较深入的理解，熟悉TCP/IP/HTTP等网络协议。3、掌握Nginx/Tomcat/Zookeeper等Web应用的安装、配置、优化。4、掌握MySQL/MongoDB/Redis/Codis等主流数据库的配置使用，架构设计、调优。5、精通负载均衡技术，能够熟练搭建负载均衡环境。6、具备Ansible/Salt/Chef/Puppet等任一种配置管理工具的实战经验，能够结合产品需求制定并实施综合性的运维技术方案。7、精通Shell/Python其中一种，能够熟练编写各类脚本。8、能够设定基本的安全控制策略，理解信息安全大概框架。9、性格开朗，责任感强，具备良好的团队意识。10、具备Hadoop/Hbase/Hive/redis/Zookeeper等大规模集群的应用运维经验者优先元岗北街91号汇盈Space广州幸福世纪科技有限公司民营公司500-1000人,系统管理员/网络管理员运维,元岗北街91号汇盈Space
DBA工程师,广东博智林机器人有限公司,20-40万/年,,佛山|3-4年经验|本科|招若干人|03-13发布,"岗位职责：1.维护数据库稳定运行,持续发现和解决潜在的问题;2.负责数据库的性能优化，能够支持大数据分析、智能计算等业务需求;3.负责数据库的监控系统设计,能够完成基本安全规范制定和数据安全权限管理;4.负责数据库平台建设，满足大数据分析对数据存储和非结构话数据的存储分析等使用的需求；5.对数据库进行容量规划、架构设计,提高业务高可用性和容灾能力;6.负责数据库相关工作的整体规划,提供决策建议；岗位要求：1.计算机或相关专业，本科及以上学历，3年以上数据库工作经历，学习能力突出，对常见开源框架代码有研究；2.熟悉SQL和noSQL的设计和开发；熟悉企业应用设计模式、具备一定的数据分析和数据建模能力；3.精通Linux操作系统、精通Python编程语言、精通C/C++、Java语言更佳；4.熟悉hadoop/hive/spark/ES/druid/openstack等平台，有Caffe、Tensorflow、CNTK等深度学习框架使用经验更佳；5.有熟悉云计算及大数据相关技术；6.善于思考，能独立分析和解决问题，热衷于互联网技术的研究和创新；7.责任心强，具备良好的团队合作精神。佛山市顺德区碧桂园北蛘虮坦鹪按蟮1号广东博智林机器人有限公司民营公司1000-5000人",软件工程师,佛山市顺德区碧桂园北蛘虮坦鹪按蟮 1号
区块链开发工程师（合同管理）,博纳德集团,2-3万/月,五险一金员工旅游绩效奖金,广州-天河区|5-7年经验|大专|招若干人|03-13发布,"1、从事区块链产品的设计和研发工作，研究区块链的协议，运行机制和底层实现等；2、开发基于Hyperledger的防伪平台和基础框架；3、搭建基于区块链的底层架构，能实现公链、侧链、私有链及多种逻辑，供应用层调度使用，直至提供云服务输出；任职要求：1、计算机相关专业本科及以上，3年以上开发工作经验；2、精通linux,有区块链项目的开发经验；3、熟悉go/python/java中的一种以上;4、熟练掌握以太坊/比特币/区块链的原理、机制和相关加密算法者优先；5、熟悉各种数据结构和算法，对密码学，安全协议和加密算法有研究；广州市天河区荷光三横路盛达电子信息创新园B栋3号505-506博纳德集团民营公司500-1000人",高级软件工程师互联网软件开发工程师python区块链,广州市天河区荷光三横路盛达电子信息创新园B栋3号505-506
Java开发工程师,广东澳加医疗软件有限公司,1-1.5万/月,五险一金员工旅游专业培训餐饮补贴绩效奖金年终奖金弹性工作周末双休法定假期,广州-海珠区|2年经验|本科|招3人|03-13发布,"热爱技术，有良好的自我学习和自我管理能力具有良好的沟通能力及团队合作精神熟悉关系型数据库的相关原理，熟悉常用SQL熟悉多线程编程，网络编程者优先熟悉git,maven等日常型的软件工具熟悉spring-boot,jpa等常用后端开发技术有一定的设计模式的应用经验熟悉js开发者优先有编写测试用例经验者优先熟悉linux操作系统优先，有一定操作经验，熟悉shell者优先熟悉1种以上常见脚本语言(python,node.js,perl等)者优先新港东路2433号广东澳加医疗软件有限公司民营公司少于50人",软件工程师Web前端开发,新港东路2433号
云平台运维工程师,上海赛特斯信息科技股份有限公司,1-1.5万/月,五险一金补充医疗保险员工旅游绩效奖金年终奖金定期体检交通补贴餐饮补贴,广州-天河区|3-4年经验|大专|招若干人|03-13发布,"岗位职责：1、负责云平台的日常运维工作，包括但不限于维护，巡检，整改，版本升级。2、负责云计算相关项目的部署实施、测试、交付工作。3、完成其他上级交办的工作。任职要求：1、计算机或相关专业大学本科或以上学历；2、熟悉Linux系统管理维护，熟悉shell脚本、Python至少一种编程语言；3、有网络虚拟化、其他虚拟化产品(如vmware,openstack)、云管理平台等云产品测试、部署实施、运维经验；4、具备良好的合作精神和快速学习能力；5、具有以下条件者优先：-有测试设计、编码经验者；-熟悉TCP/IP网络协议，熟练配置华为/H3C等常见网络设备-有网络仪器设备测试经验。珠江西路17号广晟国际大厦16层上海赛特斯信息科技股份有限公司上市公司150-500人",软件工程师,珠江西路17号广晟国际大厦16层
广告/电商测试工程师,广州线条信息科技有限公司,1.2-1.8万/月,五险一金员工旅游餐饮补贴绩效奖金年终奖金定期体检节日礼品朝十晚七,广州-天河区|2年经验|大专|招2人|03-13发布,"岗位职责：1、参与项目的需求分析，负责测试计划的制定和执行，并能预估项目的风险；2、业务包括海外移动流量变现，线上实时高并发服务测试,测试平台工具开发,web开发；3、执行项目测试，包括但不限于：构建测试环境、功能测试、性能测试、集成测试、回归测试等；4、保持与开发人员、产品人员的密切沟通，驱动问题解决；5、通过对产品的测试，提出对产品质量目标的进一步改进的建议，并依照执行，保证产品质量达到指定质量目标。任职要求：1、计算机、软件测试或相关专业本科及以上学历，3年以上测试经验，有广告、电商行业测试经验优先；2、熟悉软件测试流程，须具备4年及以上软件测试工作经验；3、熟悉常用的测试工具、方法，良好的分析问题和解决问题的能力，能够准确的定位和分析问题；4、熟悉至少一种后端自动化测试工具，能使用至少一门技术进行测试脚本的开发（Perl/Python/Ruby/Lua）；5、对软件测试有浓厚的兴趣和丰富的经验，具有结构化思维，有很强的分析能力和定位问题的能力；6、有很强的质量意识，能严格地遵照测试流程规范；广州信息港方圆E时光广州线条信息科技有限公司民营公司少于50人",软件测试系统测试,广州信息港方圆E时光
急聘/工程/电气/医学/金融贸易/写手,湖北天恒文化传媒有限公司,1.5-2万/月,弹性工作绩效奖金专业培训年终奖金包住宿带薪年假全勤奖节日福利餐饮补贴,广州-白云区|无工作经验|招20人|03-13发布,"本公司招聘各个领域的写作人才，涵盖各个专业：商科、金融、数学、市场营销、法律、文学、经济、会计、政治、物流、计算机科学、数据基础、编程、信息系统、电子商务、人力资源、旅游、公司治理、物流管理、供应链管理、法律、管理业务管理、国际贸易等。一、任职要求：1.学历要求：目前仅接受国内研究生及以上（条件优秀的本科生亦可），及优秀的海外大学留学生。2.专业要求范围：商科、管理、金融、工商管理、数学、人力、市场营销、法律、文学、经济、会计、政治、物流、计算机、教育、国贸、统计、MBA等。要是你会数据分析类、如PYTHON、EVIEWS，SPSS，STATA，MATLAB等将是本公司着重培养人才！薪资将会比普通专业的更加丰厚！3.态度要求：热爱写作,诚信负责，工作积极配合。具备良好的职业道德，具有充足的写作时间。为什么选择我们？本公司不限工作时间、不限工作地点、工作灵活，接tasks后，只要能在规定时间完成即可！工资丰厚！所有的工作地点和时间均由你自己安排，任务由你选择接与不接，推荐给你的单接或不接不影响下一次接单，工资结算在稿件截稿日之日完成。欢迎加入我们公司，希望广大贤士能来共创事业！万达广场A区写字楼2306室湖北天恒文化传媒有限公司民营公司少于50人",兼职作家/撰稿人论文写手高薪硕士写作,万达广场A区写字楼2306室
Web前端开发,广州若羽臣科技股份有限公司,3-8千/月,绩效奖金弹性工作五险一金员工旅游出国机会补充公积金餐饮补贴节日福利周末双休,广州-黄埔区|无工作经验|大专|招3人|03-13发布,技能要求：1、精通：ASP、PHP、MySql、Sqlserver2、熟练：HTML、HTML5、CSS、CSS3、JS、JQuery、XML、Json3、经验要求：有动态网页开发经验、有搭建与管理数据库经验4、加分项：有H5页面开发经验、熟悉PS、Python爬虫技术岗位职责：1、维护与升级各大现有的官网内网系统2、负责开发各大系统后台与数据库3、部门日常工作广州市黄埔区大沙地东319号保利中誉广场广州若羽臣科技股份有限公司上市公司500-1000人,Web前端开发,广州市黄埔区大沙地东319号保利中誉广场
运维工程师,广州券连通电子商务有限公司,0.8-1.2万/月,,广州-天河区|2年经验|大专|招1人|03-13发布,岗位职责1、参与设计、审核、优化公司IT系统以及各应用系统的体系架构；2、全面负责公司运维项目的系统升级、扩容需求与资源落实，配合开发需求，测试、调整测试环境预上线环境生产环境；3、负责网络以及服务器的网络设置、维护和优化、网络的安全监控、系统性能管理和优化、网络性能管理和优化；4、负责IT运维相关流程的规划、设计、推行、实施和持续改进；5、负责日常网络及各子系统管理维护数据跟进问题；6、负责相关故障、疑难问题排查处理，编制汇总故障、问题，定期提交汇总报告；7、负责网络监控和应急反应，以确保网络系统有7*24小时的持续运作能力；8、负责日常系统维护检视日志，及监控，提供IT软硬件方面的服务和支持，保证系统的稳定。任职资格：1.精通linux系统的配置、安全、管理；2.熟练shell命令以及编写脚本；3.有大型网站运维经验，会使用集群监控工具软件，以及知道怎么编写小插件针对原有系统；4.有扎实网络基础，能够快速判断问题；5.能熟练设置优化Tomcat、Nginx、参数以及配置集群应用；6.有一套数据和内存的管理方案；7、熟悉MYSQL，Mongodb、Redis的命令及应用；8、熟练使用python编写自动化程序脚本；9、对云主机云防CDN等云服务有应用经验；10、配置优化线上交换机，路由，防火墙；11、独立设计自动化运维方案。马场路16号富力盈盛广场广州券连通电子商务有限公司民营公司50-150人,技术支持/维护工程师系统工程师运维系统维护Linux,马场路16号富力盈盛广场
Linux DPDK开发,广州亿速云计算有限公司,1.2-3万/月,五险一金绩效奖金弹性工作,广州-越秀区|无工作经验|招10人|03-13发布,"1、计算机、通信、电子等相关专业；2、本科以上学历，工作经验3年以上，相关工作经验1年以上；3、精通C、C++语言，熟悉Shell,Python、Lua等脚本语言4、良好的软件工程技能，包括设计、编码、测试；5、熟悉LinuxKernelTCP/IP网络协议栈；6、熟悉IP网络（2、3层交换、路由协议）；7、思路清晰敏捷，有较强的学习能力；踏实肯干，具备团队合作8、熟悉linux内核架构；9、熟悉LinuxKernelTCP/IP网络协议栈；10熟悉kvm与qemu优先；11熟悉DNS协议和BIND优先；广州市越秀区广州大道中307号富力新天地4101广州亿速云计算有限公司民营公司50-150人",高级软件工程师互联网软件开发工程师,广州市越秀区广州大道中307号富力新天地4101
测试工程师,广州宇中网络科技有限公司,0.8-1万/月,五险一金弹性工作定期体检专业培训通讯补贴,广州-天河区|3-4年经验|大专|招1人|03-13发布,岗位职责：1、负责公司各产品线测试计划以及测试工作；2、进行项目测试，包括需求讨论，设计评审，测试策略制定，设计测试用例，进行缺陷跟踪和软件质量分析；3、要有很强的沟通能力，主动积极的推动问题的解决；4、能够通过技术的手段，提高测试效率。岗位要求：1.三年以上软件自动化测试工作经验，熟悉自动化测试相关技术；2.熟练编写逻辑严密的测试用例，分析测试结果和输出测试报告；3.有移动互联网应用或Java平台测试经验；4.熟练使用2种以上主流自动化测试工具和框架，如LoadRunner、WinRunner、QTP等，Appium、RobotFramework、Selenium、TestNG等；5.至少精通1个自动化测试脚本编码语言，比如Python、Java等；6.有独立完成自动化测试框架或者平台经验7.积极进取、善于思考，具备较强的协调与沟通、分析与表达能力，能够承受一定压力。薪酬福利：（1）丰厚的薪酬；基本工资+绩效奖金+年终奖金；（2）按照国家规定，享有各种法定假期、婚假、产假等；（3）五险一金：医疗、工伤、生育、养老、失业保险，住房公积金；（4）定期举行团队活动或员工集体旅游；（5）完善的职业上升通道，充足的职位晋升空间。林和西路157号保利中汇广场广州宇中网络科技有限公司民营公司少于50人,软件测试高级测试工程师,林和西路157号保利中汇广场
技术经理/研发经理,世展和新展联合展览（广州）有限公司,1-1.5万/月,五险一金员工旅游年终奖金餐饮补贴周末双休,广州-越秀区|3-4年经验|本科|招1人|03-13发布,"1、带领技术团队完成公司跨境进口B2B电商网站系统架构规划、研发和建设工作。2、指导关键技术模块，并对系统安全性，稳定性负责，确保公司电商系统的研发进展；3、负责电商系统研发项目的质量和进度的控制；4、负责对核心技术团队的管理和培养；5、负责电商网站上线前后的测试和运维工作。岗位要求：1、大学本科或以上学历，3年以上互联网企业技术开发及管理经验、具有敏捷团队管理经验和良好的表达沟通能力，能脚踏实地的工作、能和公司一起发展；2、具有良好的软件工程意识，深刻理解软件系统架构，精通面向对象分析设计方法，熟练掌握设计系统的构架及完整解决方案；3、熟悉电商B2C或B2B网站系统，具备相似电商系统的研发和运维经验；4.精通PHP，5年以上的PHP+MySQL后台开发经验，至少熟悉一种MVC框架，如THINKPHP、YII；熟悉THINKPHP框架，并具有实际高并发经验者优先考虑；5.精通Python，C语言；有修改PHP底层源码着优先考虑；6.熟悉Linux，mysql工作原理，精通具有MySQL索引优化、查询优化和存储优化经验，精通http协议；7.熟练掌握并深入理解MongoDB、Redis、Hadoop，8.熟悉使用Elasticsearch或Solr，掌握各种调优技巧；9.精通HTML5,CSS3,JavaScrip,vue,不同浏览器的兼容,对前端模块化,组件化有深入的理解,熟悉主流框架与常用类库;10.熟练使用Webpack工具,对其实现细节有了解与研究;熟悉或精通NodeJs,具备使用js熟练进行全栈开发的能力;11.三年以上Web前端工作经验,有移动web开发经验；二个或以上在线项目,有Weex等跨终端多平台经验开发优先;广州市越秀区德政北路538号达信大厦2502-2504室世展和新展联合展览（广州）有限公司合资50-150人",信息技术经理/主管网站运营总监技术经理研发经理电商B2BPHP,广州市越秀区德政北路538号达信大厦2502-2504室
软件工程师,佛山市南海斯力高五金装饰制品有限公司,1.5-2万/月,餐饮补贴年终奖金专业培训五险一金员工旅游通讯补贴绩效奖金交通补贴周末双休,佛山-禅城区|3-4年经验|大专|招1人|03-13发布,"任职要求：1、3年以上相关工作经验，至少1年以上Python编程经验2、精通Python语言，熟悉django、Flask、tornado等网络开发框架3、熟悉Linux操作系统与linuxshell命令4、熟练使用mysql，redis，memcache,有丰富的mysql，redis性能优化经验以及高可用、集群实战经验5、有大型网络服务开发,部署(nginx)，在高并发，高稳定性方面有经验者优先；岗位职责：1.负责业务后端系统设计、程序开发、技术方案、项目计划2.负责对研发项目制定单元测试、压力测试方案并执行3.负责对现有系统进行优化，重构不合理的代码高基街佛山市南海斯力高五金装饰制品有限公司民营公司50-150人","软件工程师python,Linuxmysql，redis",高基街
数据分析师/主管,民加科风信息技术有限公司,1.2-1.8万/月,五险一金员工旅游绩效奖金年终奖金,广州-越秀区|5-7年经验|本科|招1人|03-13发布,岗位职责：1、及时响应业务团队数据统计分析需求，并提供适当的数据解读；2、基于业务实际需求设计数据报表，并不断优化提升效率；3、日常监控主要业务指标，负责业务指标数据异常原因查询及汇报；4、结合业务特点，探索并建立分析主题，对数据进行深度分析和挖掘，输出可读性强的分析报告。任职要求：1、本科及以上学历，统计学、计量经济学或者数学专业优先；2、具有2年及以上相关工作经验，特别突出者可适当放宽；3、熟练使用SQL、R/PYTHON/JAVA/SCALA或其他编程语言；4、熟悉决策树、聚类、逻辑回归、关联分析、SVM、贝叶斯等数据挖掘算法，有成效可靠的数据挖掘项目经验；5、优秀的洞察力和解决问题能力，对挑战性问题充满激情。东风东路733号羊城同创汇印刷大楼6楼民加科风信息技术有限公司创业公司150-500人,系统分析员数据库工程师/管理员运营数据分析,东风东路733号羊城同创汇印刷大楼6楼
PHP高级开发工程师,喜多福国际贸易（广州）有限公司,1-2万/月,五险一金绩效奖金年终奖金股票期权,广州-南沙区|3-4年经验|招若干人|03-13发布,【岗位职责】1、全面负责公司自有项目的服务器后端程序的技术研发工作，包括技术架构设计、重构、优化，根据业务规划及技术规划制定应用架构方案；2、负责公司项目核心功能、数据总线解决方案及第三方接口的开发，主导技术难题攻关，持续提升核心系统在高并发、海量请求数下的高处理性能；3、参与产品需求的讨论，主导技术难题攻关，持续提升核心系统在高并发、海量请求数下的高处理性能，编写程序，单元测试，bug修复工作等；4、负责设计、编码和调试研发平台前/后端技术框架，优化及提高前/后端代码的性能，审核和评估相关方案与设计，以确保其符合架构规划，满足业务需求；5、分析系统瓶颈，解决各种疑难杂症，对系统进行性能调优，指导初程序员编写程序，落实技术规范，与产品经理、测试工程师、其他成员沟通合作，保证产品研发工作的质量和进度；6、通过Web前/后端开发，解决上述问题，带给用户更好的使用体验；7、通过对团队的培训与指导，提高整个团队的技术水平，创造自动化工具，帮助工作伙伴提升运营效率；8、能兼负主导并带领运维工程师的工作展开及任务安排；【岗位要求】1、软件工程或计算机相关专业大专以上学历，3年以上商业项目的实际开发经验，有电商项目的实际开发经验；2、熟悉ThinkPHP、ZendFramework、Yii等流行框架，熟练掌握LAMP，熟悉TP/SMARTY；3、熟悉Web前端开发，掌握前端开发语言JavaScript、HTML、CSS，熟悉页面架构和布局，对Web标准和标签语义化有深入理解，掌握Node.js、Vue.js，熟悉ReactNative框架或Weex者优先录用；4、熟悉ESB解决方案，并有实际开发经验者优先；5、精通MySQL、NOSQL、MongoDB等数据库，能够编写和优化复杂的SQL程序；、擅长消息队列、任务调度、负载均衡、并发控制；极具面向对象思维，懂得低耦合高复用封装，拥有一丝不苟的代码编写规范习惯；7、熟悉Unix/Linux操作系统和Nginx/Apache/Tomcat等服务器软件的配置，熟练掌握shell、Python、Perl其中一种脚本语言；【重要的事情要说三遍】本司位于于近年飞速发展的未来省港澳核心区域、中国版的曼哈顿――南沙自贸区。面试地点稍远，但在这里工作，您可以享受――1、花园式的工作环境：花草绿化遍地，全新交付的甲级写字楼、购物广场美食街便利店应有尽有就，微软、真功夫等世界知名公司一起办公；2、便捷的交通：公司就在金洲地铁站旁，直达广州市天河区只需40分钟；地铁18号线开通以后，直达天河仅需30分钟；庆盛高铁站高效连接广州南、深圳北、香港西九龙，周末珠三角走起很轻松，珠三角1小时生活圈近在咫尺；3、周末周边游：可以轻松实现金洲地铁站到庆盛高铁站的中转，20分钟从庆盛站直达深圳北站或广州南站；4、高尚又实惠的居住环境：配套齐全的万达、保利国际公寓、碧桂园小区等等，房租只有市区的1/5，年轻的你再也不用忍受城中村的脏乱环境和高昂房租；我们是一个年轻而又富创造力的团队，同时我们也有强大的资源及投资人背景。除了优质的产品以外，技术、品牌、创意和文化是我们自信能征服用户的资本。我们深信，要达到目标，离不开一群志同道合的伙伴。加入我们，你会成长很快，同时也会发现很多惊喜。希望您不要错过这个成就一番大事业，实现人生价值，达成财富自由的良机。我司热切期盼各位才华横溢的有志之士能加盟我们团队！【基本福利】上班时间：周40小时制（当然也会有赶项目一起挥洒汗水的时候）；薪酬：工资+绩效奖金+年终奖+期权；培训：企业文化培训+岗位技能培训+户外拓展培训+导师制；假期：法定假日、婚假、丧假、女员工产假及男员工陪产假等有薪假期外，不仅有满一年服务期5天带薪年假，若有加班还有灵活调休；【额外福利】：1、逢周末与众多同事一起登黄山鲁国家森林公园锻炼身体（我们坚信身体是革命的本钱！）；2、业绩达标团队旅游（上刀山下火海，投票选择）；3、部门活动聚餐（K歌、轰趴、饭局、看电影啃爆米花）；4、有一位美国YogaAlliance认证的瑜伽教练带大家放松身心（也有可能是带大家嗨过演唱会）；5、小伙伴生日关怀（游戏奖品活动礼物蛋糕）；6、节日活动（中秋节、圣诞节~~）；7、下午茶（零食、麦片、各种优质茶源、咖啡、奶茶、花茶――长期供应）；8、每年举行足球、篮球、羽毛球、乒乓球、桌球大赛；【公司位置】广州市南沙区金隆路香江国际金融中心。地铁路线：地铁四号线金洲站出口，步行10分钟内可到达公司。【喜达人项目】除了前景可观的正编岗位，咱们还有完全不占用你上班和生活时间的赚钱项目：喜达人计划成为我们的***主任，在不影响正职工作下，轻松挣外快。我们提供平台、枪支弹药和粮草，您只需负责寻找合适的社区团长-喜达人即可。在弘扬中华民族传统文化――“茶文化”；把真正好的平台好的信息共享给身边的亲朋好友之余，还能赚取6%-12%的佣金补贴。***期间：时间是自己支配的;收入是上不封顶的；心情是天天倍爽的；产品高端大气上档次；要求：良好的沟通及表达能力，在朋友圈有一定的人脉资源及号召力，积极主动，兼具耐心细心，协调，应变能力棒棒哒。我们的承诺：我们是正规直招，不收取任何押金，培训费、报名费、推广费等。工作时间自由，利用放假，休息等业余时间。本职位无需到公司上下班打卡。具体工作内容：协助公司招募社区团长-喜达人即可，具体结算详情请垂询如下详情请关注《喜多福茶文化》公众号，进入茶商城了解，或致电：4009650686咨询广州市南沙区金隆路37号香江国际金融中心1号写字楼721喜多福国际贸易（广州）有限公司创业公司少于50人,高级软件工程师技术总监/经理,广州市南沙区金隆路37号香江国际金融中心1号写字楼721
运维工程师,公诚管理咨询有限公司,10-15万/年,补充医疗保险通讯补贴专业培训绩效奖金年终奖金定期体检六险一金,广州-天河区|无工作经验|招若干人|03-13发布,1、负责公司线上平台环境部署与维护；2、负责公司服务器、机房定期巡查；2、完善监控，报警，排错等管理平台建设；3、性能调优和故障处理，保证业务24*7高可用；4、负责自动化运维建设和落实；5、负责业务系统的安全加固；6、负责公司线上平台业务支撑。任职资格：1、熟悉Linux（CentOS系统）的操作、管理和日常维护，精通Nginx、Tomcat、redis、PHP等应用的安装配置管理，能够进行Nginx、tomcat的部署调优；2、熟悉mysql数据库，包括安装、数据备份、主从复制等，具备Mysql+HaProxy读写分离搭建能力；3、具备Zabbix运维工具的使用，可配置日常运维规则进行数据分析处理；4、熟悉Jenkins、Git、kubernetes/docker、Ansible相关工具的使用；5、有以下一种或多种技能者优先，Python、PHP、Java等开发经验者优先；熟练操作网络和安全设备，有CCNP认证者优先。天河北路423号远晖商厦公诚管理咨询有限公司国企5000-10000人,网站维护工程师,天河北路423号远晖商厦
项目经理（广州）,武汉市润普网络科技有限公司,10-15万/年,,广州-天河区|无工作经验|招2人|03-13发布,工作地点：广州市天河区岗位职责：1.负责管理项目周期过程中的工作计划、组织、执行、监控等管理工作，对整个项目向公司及客户负责，及时向客户、部门领导反馈阶段性建设成果。2.能够与客户有效沟通，充分理解整合客户需求与业务流程；负责客户详细需求的建立与跟进，并管理客户需求变更。3.参与复杂项目的需求分析，制定相应领域或行业的信息化解决方案。4.做好项目开发和实施过程的监控，跟踪和了解项目的实际情况，并根据情况及时做好应对措施。5.项目周期内完成项目的上线、培训及验收工作等。6.领导和管理团队，创造团队协作氛围，激励和鼓舞团队，善于发现并解决问题。在项目组内积极组织业务研讨、培训等定期活动。7.服从领导安排，落实、开展领导安排的其它相关工作。任职要求：1.本科以上学历，计算机相关专业毕业。2.两年以上项目管理工作经验，有公检法、政府行业软件相关项目经验者优先。3.具备较好的口头、书面表达和沟通能力，擅长项目相关文档、领导汇报PPT、投标方案等文档的撰写和整合。4.对网络、硬件、软件和操作系统具有比较全面的了解和认识，熟悉Java/python技术体系架构，熟悉ORACLE、MYSQL等数据库，熟悉LINUX、WINDOWS系统。5.具有较强的业务分析、系统分析和项目管理能力。6.具备优秀的沟通协调和解决问题能力、良好的团队合作意识、丰富的团队建设经验。7.有高度的责任心，能够承受一定工作压力，能接受出差。8.有PMP项目经理证书优先。建中路36号露乐国际大厦402武汉市润普网络科技有限公司民营公司150-500人,项目经理项目主管,建中路36号露乐国际大厦402
中级系统工程师(职位编号：GZ MIS-011),广州友谊班尼路服饰有限公司,0.6-1万/月,五险一金周末双休带薪年假奖励假期补充医疗保险,广州|2年经验|大专|招若干人|03-13发布,职责:-负责服务器集群的操作系统安装、升级、优化、部署与维护工作-负责公司在全国范围内的IT应用平台和协同办公系统组建和运维-负责公司AD域的管理和技术支持-协助IT运维桌面用户支持工作要求:-大专或以上学历，计算机/通信相关专业。2年以上系统相关工作经验，具有大型项目实施经验者优先-熟悉Linux操作系统架构和工作原理，精通Linux（redhat/centos）、WindowsServer各版本操作系统-精通各种互联网常用应用系统的安装、配置和使用，例如apache、tomcat、nginx、nagios、zabbix、OCS等-具备安全意识，能够对操作系统和应用系统做安全配置及检查-熟练掌握mysql的配置、备份及恢复（了解主从复制及数据库优化），了解数据库集群；能够使用shell/python/php/ruby编写脚本的任二种广州市天河区体育东路118号财富广场东塔4楼广州友谊班尼路服饰有限公司合资1000-5000人,系统工程师系统工程师,广州市天河区体育东路118号财富广场东塔4楼
游戏服务端开发,广州博征科技有限公司,1-1.2万/月,五险一金员工旅游绩效奖金年终奖金,广州-天河区|1年经验|大专|招2人|03-13发布,"1、参与产品的后台管理系统的功能设计并进行全栈开发;任职要求：1、计算机相关专业,1年以上项目开发经验;2、掌握C/C++/GO之一,且熟悉至少一门脚本语言(Javascript/Lua/Python等);3、熟悉关系型数据库和NoSQL数据库/缓存的使用;4、有一定的WEB前端开发经验优先;5、有高可用,分布式系统设计和开发经验优先;6、善于思考,有责任心,有良好学习能力和团队协作能力;科韵路方圆E时光东座1302室广州博征科技有限公司民营公司少于50人",脚本开发工程师多媒体/游戏开发工程师后端开发,科韵路方圆E时光东座1302室
运维开发工程师,欧派家居集团股份有限公司,12-16万/年,五险一金免费班车员工旅游通讯补贴餐饮补贴定期体检年终奖金股票期权绩效奖金免费住宿,广州|1年经验|大专|招1人|03-13发布,任职要求：1.熟悉Linux操作系统，了解常用开源软件，并有Linux系统下的开发经验；2.具备扎实的编程基础，熟悉Python、PHP等开发语言中的一种，熟悉常用的设计模式、应用架构；3.掌握Web开发常用技术，至少熟悉一种常用的Web框架（FLASK/Django）并有相关开发经验；4.熟悉数据库理论，熟练使用MySQL，熟悉MongoDB、Redis、elasticsearch等数据库编程优先；5.有运维平台、分布式系统开发经验者优先；6.具备良好的业务理解能力、沟通能力和强烈的责任心，并具有良好的自我驱动意识；7.计算机相关专业，本科及以上学历，两年及两年以上工作经验。广东省广州市白云区广花三路366号欧派家居集团股份有限公司民营公司10000人以上,技术支持/维护工程师,广东省广州市白云区广花三路366号
软件开发工程师-广东分公司-广州(003247)(职位编号：003247),中移在线服务有限公司,1-1.5万/月,五险一金补充医疗保险交通补贴餐饮补贴通讯补贴专业培训绩效奖金年终奖金定期体检,广州|2年经验|本科|招若干人|03-13发布,***1、负责对业务需求进行流程设计、数据表结构设计、接口设计、开发量评估，开展版本规划，合理分配开发资源，保障需求如期实现2、基于现有系统产品框架，开源技术框架，开展定制化开发工作。3、负责对业务需求进行全流程业务验收测试、上线推广，开展版本管理，保障业务需求交付质量。学历：本科及以上；工作经验：两年以上。（1）掌握主流WEB应用开发语言（Java、PHP、Python），可独立基于WEB应用框架搭建WEB应用（2）熟悉主流数据库（Oracle、Mysql），掌握主流ORM框架，可独立开发数据库脚本，熟悉SOAP协议，有Webservice或restful接口应用开发经验者优先（3）精通Java/JavaScript/HTML5/XML/JSP，熟练使用Struts/Spring/Hibernate/Mybatis等常见开源框架；（4）了解Redis、Mongodb，熟悉MySQL、Oracle等主流数据库，熟练编写存储过程，具备一定的SQL性能调优能力；（5）熟悉架构设计、概要设计和详细设计，独自承担过大型项目的架构设计；（6）具有强烈的责任感及敬业精神，沟通协调能力良好，思路清晰善于总结提炼，有互联网公司工作经验优先。广州中移在线服务有限公司国企10000人以上,软件工程师,广州
游戏运维工程师,广州风谷信息技术有限公司,0.6-1.5万/月,,广州-天河区|1年经验|大专|招2人|03-13发布,"1、负责游戏服务器日常监控、故障排除；2、负责服务器的实施部署与搭建；3、负责服务器的系统安全和数据备份；4、负责游戏的开区合区迁移版本更新；5、负责公司域名、邮箱、网站、cdn的日常维护；6、办公网络的日常维护；任职要求:1、大专以上学历，有1年以上游戏运维工作经验；2、熟悉lnmpiptablessaltzabbixvsftpd等常见服务的搭建；3、熟悉mysql数据库安装、配置、备份、还原管理和维护；4、熟悉tcp/ip协议,熟悉软路由的使用,日常办公网络维护；5、熟悉shellpythonperl，等任意一种语言，会python优先；6、有腾讯云或阿里云的使用经验优先；7、应届生也可，有游戏运维经验的优先。天河区棠下锦达信商务大厦A座305（公交站：棠下；地铁站：科韵路）广州风谷信息技术有限公司民营公司50-150人",技术支持/维护工程师游戏运维,天河区棠下锦达信商务大厦A座305（公交站：棠下；地铁站：科韵路）
业务运维工程师,广州多贝网络科技有限公司,1-2万/月,五险一金员工旅游绩效奖金年终奖金弹性工作,广州-天河区|3-4年经验|大专|招1人|03-13发布,工作职责：1、负责多贝云整体业务的可用性运维工作2、故障紧急响应和处理，确保业务稳定运行3、效率优化，利用脚本以及开源工具提升日常运维工作效率4、监控策略优化，风险预估，容量预估岗位要求：*三年以上互联网企业一线运维工作经验*熟悉TCP/IP理论体系，熟悉Vlan、VPN等网络应用，能够快速定位网络故障*熟悉Linux系统，具备PHP，Nginx等基础组件的部署和维护、以及性能优化经验*熟悉常见的监控系统，如Zabbix，ELK*能够熟悉使用Bash或者Python脚本*较强的问题分析与解决能力、优化经验*较强的主动性、责任心，对故障敏感，对业务可用性敏感*良好的沟通能力、抗压能力【福利待遇】作息时间：上班时间为9：00--18:00（中午休息2小时），五天工作制，周末双休；假期规定：公司提供按国家标准的有薪假期，法定节假日、年休假、婚假、产假等假期；员工培训：公司重视员工个人发展，不定期为员工组织内部各项专业技能培训，公费外送培训；保障性福利：公司为所有在员工缴纳五险（养老、生育、医疗、工伤、生育保险）和公积金；其他福利：长期供应办公司零食，每周一次下午茶和运动活动，每月一次聚餐，每季度一下户外团建活动；节日慰问：公司在端午节、中秋节、春节等传统重大节日为员工发放节日礼品；公司氛围：优雅、干净、整洁的办公环境；公司以专业技术人才队伍为主，人员相处和谐，工作氛围轻松愉悦；公司地址：广州市天河区建中路16号4楼411室;欢迎每一位有梦想有追求充满热情的人加入到我们公司！建中路14-16号411广州多贝网络科技有限公司民营公司少于50人,技术支持/维护工程师网络工程师技术支持维护工程网络工程师中级网络工程,建中路14-16号411
测试开发工程师,广州银汉科技有限公司,0.9-1.5万/月,五险一金员工旅游餐饮补贴年终奖金,广州|无工作经验|大专|招1人|03-13发布,工作职责：1、负责前后端技术测试工作（C/S）；2、负责测试工具的开发与优化工作；3、负责反馈和跟进测试进度；4、负责项目的黑盒测试工作。任职要求：1、计算机相关专业专科及以上学历，3年以上测试开发经验；2、熟悉接口测试及前后端性能调试；3、熟悉网络协议和数据库原理；4、熟悉至少一种编程语言（Java/C++/python、Lua等）；5、能独立完成技术测试，并有实际的项目测试经验（游戏项目优先）；6、熟悉测试流程和各类技术指标，对测试工作有规范意识；7、良好的自我驱动；优秀的计划、沟通和协调能力；良好的团队合作精神。广州市天河区中山大道西238号勤天大厦第2层（东侧大堂进入）广州银汉科技有限公司民营公司500-1000人,软件测试用户体验（UE/UX）设计师测试游戏黑盒测试工具,广州市天河区中山大道西238号勤天大厦第2层（东侧大堂进入）
高级运维工程师,广州仙悦网络科技有限公司,1.5-2万/月,五险一金补充医疗保险绩效奖金年终奖金周末双休年底双薪全勤奖包工作餐带薪年假,广州|3-4年经验|大专|招若干人|03-13发布,1、负责公司运维架构设计与优化；2、负责构建和维护各类运维系统，包括自动化配置管理，监控报警系统，日志分析系统等；3、分析排除系统、数据库、网络、应用等故障及错误，做好数据库冗灾准备。任职资格：1、本科以上学历，2年以上运维工作经验；2、掌握mysql的数据库备份和恢复知识；3、能够灵活使用linuxShell/Python/PHP其中某一种语言编写脚本；4、熟悉LNMP等的运维工作，有中大型网站运维经验或海外服务运维经验者优先。天河区金星大厦1202广州仙悦网络科技有限公司创业公司150-500人,其他,天河区金星大厦1202
物联网云平台架构师,广东芬尼科技股份有限公司,1.6-2.2万/月,绩效奖金专业培训定期体检餐饮补贴油费补贴六险一金年终奖金股票期权通讯补贴,广州-海珠区|3-4年经验|本科|招1人|03-13发布,"岗位职责：1、负责策划物联网云平台系统的整体架构设计，提供系统解决方案并实施系统架构长期和短期目标；2、负责智能家居系统软件架构实施，制定系统通信交互协议、技术标准；3、定义智能设备配置、管理、云端通信流程，实现设备、网关、云端、APP及第三方模块的高效连接方案；4、能按照项目计划，按时提交高质量的代码，带领并指导团队高效完成开发任务；5、外包开发团队管理，评估实现需求所需的工作量，对开发项目进行总体管理，符合进度、质量和成本要求；6、负责互联网前沿技术（数据库、微服务、中间件、大数据）的跟踪和研究；任职要求：1、以上软件开发经验或3年以上架构设计经验；2、精通面向云服务及移动端应用开发；3、对数据库的基本理论和内部实现机制有深刻的理解，有实际大数据量的数据库设计经验；4、熟练掌握至少一门后台语言及其开发平台，如：Java,Python,NodeJS,Ruby,PHP等；5、熟悉网络通信机制及常用数据传输协议，如：MQTT、CoAP、XMPP、HTTP，网关/云API接口；6、熟悉服务器虚拟化技术及常见的云计算框架，例如：KVM，Docker，Openstack等；7、熟悉关系型数据库，如mysql\sqlserver\Oracle以及非关系型数据库，如Redis\MongoDB，有管理和简单配置的经验；8、熟练掌握至少一门开源框架，熟悉hadoop、spark、kafka、HBase、HDFS、Hive、Impala等大数据相关技术组件，有安装、部署、调试经验；9、有强烈的责任心和时间观念，出色的沟通能力、团队合作精神，能够根据项目实际情况制定制定、推进、分解计划，善于协调各方资源，共同完成目标；10、有良好的创新意识，较强的市场技术趋势洞察力和技术方案把握能力，能够成为团队的技术领导。广州市海珠区南边路1918智能网联产业园广东芬尼科技股份有限公司民营公司150-500人",网站架构设计师,广州市海珠区南边路 1918智能网联产业园
后端程序员(职位编号：10),广州尚游网络科技有限公司,1-2万/月,带薪年假节日福利绩效奖金餐饮补贴年度旅游年度体检包午餐周末双休,广州-天河区|1年经验|本科|招2人|03-13发布|计算机科学与技术软件工程,条件：1、计算机相关专业毕业，本科及以上学历，具有一年以上相关工作经验；2、掌握C/C++、Java、Javascript、Python、Lua其中一门以上编程语言；3、强烈的求知欲，具备很强的学习能力，可以承受高强度的工作压力；4、严谨的逻辑思维能力，具有极强的敬业精神和责任心；5、勤奋踏实，能吃苦耐劳，为人正直，有高度责任感和敬业精神，具有团队合作精神。6、精通lua脚本优先；7、熟悉linux操作系统者优先。工作职责：负责游戏服务器的逻辑设计与实现。科韵路12号之一方圆E时光901-905室广州尚游网络科技有限公司创业公司50-150人,手机应用开发工程师多媒体/游戏开发工程师后端开发后端服务端游戏服务端手游服务端手游游戏手游后端lua后端程序员,科韵路12号之一方圆E时光901-905室
游戏服务端程序,广州一米互娱网络科技有限公司,1-1.5万/月,五险一金定期体检年终奖金绩效奖金弹性工作餐饮补贴下午茶全勤奖带薪年假,广州-天河区|1年经验|大专|招2人|03-13发布,广州市天河区中山大道中243号鸿利商务中心307室广州一米互娱网络科技有限公司民营公司少于50人,多媒体/游戏开发工程师脚本开发工程师服务器skynetluapythonsqlmongo程序游戏,广州市天河区中山大道中243号鸿利商务中心307室
大数据开发工程师,广州名科计算机网络有限公司,1.5-2.5万/月,五险一金绩效奖金通讯补贴免费健身房周末双休节日福利全勤奖带薪年假,广州|3-4年经验|本科|招2人|03-13发布,天河区天慧路16号蓝盾信息安全产业基地三楼广州名科计算机网络有限公司民营公司50-150人,数据库工程师/管理员软件工程师,天河区天慧路16号蓝盾信息安全产业基地三楼
动画绑定师,广州名动影视文化有限公司,0.6-1万/月,五险一金带薪年假节日福利下午茶团建聚餐,广州-海珠区|2年经验|大专|招1人|03-13发布,"岗位职责：1、熟练使用maya进行角色、道具的绑定和变形控制，有能力解决不同风格角色绑定和制作中遇到的绑定问题；2、根据需求，针对角色设计一套合理、优化的绑定构架，建立针对生物或者机械的绑定构架，能进行写实角色的肌肉绑定，完成快速有效的绑定设置，满足动画部门需求；3、具有一定的想象分析能力，敏锐的观察力，具备一定的美术功底，能把握模型造型，变形效果以及表情制作；4、具有独立解决问题的能力。任职要求：1、大专以上学历，熟练掌握mel、python并且独立开发过插件者。2、熟练使用1-2种快速绑定插件（如ABautorig,setupmachine等）。3、至少2年以上动画经验，有参与大型项目经验者及动捕经验者。4、有较好的沟通能力和团队意识，能积极配合相关部门的制作工作，提供制作中可能遇到的技术解决方案。5、有较好的抗压能力和解决问题的态度和心态。新港东路66号之四广州名动影视文化有限公司民营公司少于50人",动画/3D设计3D动画骨骼绑定,新港东路66号之四
现场软件维护工程师(软件FAE）,欧拓飞科技（珠海）有限公司,0.5-1万/月,,珠海-香洲区|无工作经验|大专|招10人|03-13发布,"岗位要求1.大专或以上学历；2.电子信息工程/自动化/软件类应届毕业生亦可；3.熟悉Windows或MAC系统或ObjectC/VC++/C#/C/C++软件平台，熟悉Python优先考虑；4.良好的电子电路分析能力，有消费类电子产品半年以上更佳；5.可以看懂基本英语软件界面，能用英文与客户进行技术交流者佳；6.有独立思考的能力，善于发现问题与解决问题，个性积极主动，具备积极的工作态度，较高的责任感和执行力；7.能吃苦，善于团队协作，有良好的沟通和人际交往能力；8.善于和客户进行技术沟通和交流，良好的客户服务意识和团队协作精神,有耐心和责任心；9.适应国内外出差，接受责任制考勤制度；唐家湾科技八路9号欧拓飞科技（珠海）有限公司外资（欧美）50-150人",售前/售后技术支持工程师,唐家湾科技八路9号
持续集成及自动化测试工程师,广州磐信计算机科技有限公司,1-1.5万/月,五险一金年终奖金定期体检带薪年假全勤奖节日福利,广州-天河区|2年经验|大专|招2人|03-13发布,"任职要求：1.专科以上学历，3年以上持续集成工作经验；2.熟悉持续集成jenkins安装部署、脚本编写，代码管理工具Gitlab或SVN，熟悉maven操作，拥有实际应用的相关经验；3.熟悉版本的自动化构建，冒烟，自动化用例开发部署执行,日常运维等工作；4.熟悉shell及python语言，拥有脚本编写经验；5.熟悉Linux，安装部署及维护；6.熟悉MySQL、oracle安装部署及日常维护，熟悉SQL语言7.了解主流开源技术，如Nginx、LVS、keepalived、消息队列等华景路35号暨大科技园三楼广州磐信计算机科技有限公司民营公司少于50人",技术支持/维护工程师售前/售后技术支持工程师软件测试持续集成自动化测试,华景路35号暨大科技园三楼
大数据开发工程师(职位编号：技术二部),广州广电运通信息科技有限公司,1.2-2.5万/月,五险一金员工旅游绩效奖金年终奖金定期体检,广州-黄埔区|2年经验|本科|招6人|03-13发布,职位描述：1、基于每日百亿级展现数据，搭建大数据处理平台;实现流式事件的实时计算，落地储存。对于离线数据完成数据仓库的建立，为数据挖掘提供有效的数据；2、使用用户行为数据，挖掘数据层次关系，构建用户画像和风险控制；3、数据分析，挖掘，模型具体的产品化；了解金融领域业务，能和PM合作，基于数据驱动持续优化数据产品。职位要求：1、本科及以上学历，数学或计算机相关专业，2年以上工作经验；2、熟悉C++、JAVA、python中的一种或多种编程技术，编程能力强，熟悉大数据处理技术，善于学习应用业界领先数据架构和技术；3、1年以上对大数据开源组件有使用经验，对hadoop/hive/spark/ES/druid其中一项精通；4、熟悉数据挖掘算法，包括数据清洗.统计学习.分类聚类算法，并能够验证算法效果；5、善于学习，思维活跃，善于从数据中发现.思考并解决问题；6、有金融领域研发经验者优先；科学城科林路9-11号广电运通产业园广州广电运通信息科技有限公司国企1000-5000人,大数据开发/分析大数据开发,科学城科林路9-11号广电运通产业园
数据分析师,广州瑾珑网络科技有限公司,5-8千/月,员工旅游包吃包住五险一金绩效奖金定期团建带薪年假,广州-白云区|1年经验|大专|招1人|03-13发布,岗位职责：1、负责开展日常数据分析工作，编写分析报告及报表；2、负责开展大数据、商业智能等数据分析产品的业务功能测试；3、负责开展数据质量验证测试；4、协助处理数据产品使用问题及咨询；5、协助整理优化数据产品功能及数据指标体系优化需求。任职要求：1、熟练掌握EXCEL；2、1年以上数据产品建设或数据分析工作经验；3、有SAS、R、Python等主流分析工具使用经验优先；4、有大数据、数据仓库、报表等商业智能类系统项目业务测试经验优先；5、有金融行业从业经历优先。公司地址：广东省广州市白云区嘉禾街道鹤边106国道铭润大厦三楼310联系人：李***联系电话：13553248446交通路线：1.(2号线到达黄边地铁出口，出站后乘坐274、425、743、在鹤边站下车)2.(2号线到江夏地铁出口，出站后乘坐794、在鹤边站下车)3.(3号线到达龙归地铁出口，出站后乘坐510、在鹤边站下车)4.(3号线到达白云大道北地铁出口，出站后乘坐665、在鹤边站下车)5.(2号线到达三元里地铁出口，出站后乘坐528、在鹤边站下车)广州市白云区嘉禾街道鹤边106国道铭润大厦310广州瑾珑网络科技有限公司民营公司50-150人,数据库工程师/管理员市场分析/调研人员数据分析,广州市白云区嘉禾街道鹤边106国道铭润大厦310
项目实施工程师,广州智臣信息科技有限公司,5-8千/月,五险一金员工旅游餐饮补贴通讯补贴绩效奖金年终奖金,广州-天河区|2年经验|大专|招2人|03-13发布,1、负责产品系统的部署实施、培训。2、提供产品的部署方案，并针对客户提出的硬件、网络等需求提供专业的指导。3、对产品进行安装调试、协助测试部门搭建环境，测试产品。4、对公司产品进行技术支持及售后维护，记录并保存实施过程中产生的组织过程资产。5、改进公司产品的实施运维流程。研发自动化部署和运维工具，提升产品实施效率。6、与客户保持沟通，及时给项目经理汇报项目实施进度。任职要求：1、精通Linux操作系统和环境，具有Unix/Linux系统管理方面的经验，特别是在RedHatLinux（CentOS）环境中。2、掌握Python、shell等脚本语言，会运用脚本语言编写自动化工具，掌握主流数据库操作，具备独立的系统部署和实施能力。3、对FTP、数据库触发器、WebService接口等数据交换知识有了解。4、具备良好的沟通能力和表达能力，工作认真细致，责任心强。5、极强的危机管理能力;有应急事件处理经验。具有处理生产中断和根本原因分析的经验，极强的故障排除和问题解决能力。6、熟悉路由器/交换机/防火墙等基本配置，具有网络、服务器等设备故障诊断和排除经验技术者优先。广州市天河区高普路38号金发科技创新社区1栋502广州智臣信息科技有限公司民营公司50-150人,技术支持/维护工程师技术支持/维护经理,广州市天河区高普路38号金发科技创新社区1栋502
资深数据分析师,广东橙家科技有限公司,1.5-2.5万/月,五险一金定期体检餐饮补贴专业培训绩效奖金,广州-天河区|无工作经验|本科|招若干人|03-13发布,岗位职责：1、针对现有业务状况，主持数据产品开发、数据管理、数据分析和数据服务等全面工作；2、带领团队进行数据产品开发、专题数据分析、日常数据运营管理等工作，把控项目进度按时交付；3、设计、搭建和优化现有数据系统架构，以满足公司日益增长的业务需求；4、对现有流程、系统和公司业务，从数据角度提出有价值的建议；5、上级领导交办的其他相关工作。任职要求：1、全日制本科及以上学历，数理统计学、信息管理或计算机相关专业，有5年以上工作经验；2、熟练掌握SQL查询语句和至少一种数据分析/挖掘工具，如Excel、Matlab、SPSS、SAS等；3、至少掌握R、Python(Scipy、Pandas、statsmodels包)或Scala等语言；4、能承担较大压力，在工作中不断进取学习，愿意尝试；5、较强的逻辑思维能力和学习能力；6、良好的文档撰写能力、口头表达能力和沟通能力；7、能与团队其他成员协作完成任务，具有较强的时间观念和项目意识。岗位亮点：平台大，待遇好，领导超nice黄埔大道中315号羊城创意产业园1-03广东橙家科技有限公司民营公司1000-5000人,大数据开发/分析,黄埔大道中315号羊城创意产业园1-03
WEB GIS 软件工程师,广东宜通世纪科技股份有限公司,0.8-1.2万/月,五险一金绩效奖金年终奖金员工旅游定期体检通讯补贴,广州-天河区|2年经验|大专|招2人|03-13发布,科韵路16号广州信息港广东宜通世纪科技股份有限公司上市公司5000-10000人,高级软件工程师软件工程师,科韵路16号广州信息港
Java高级开发工程师,广州智野软件科技有限公司,20-30万/年,五险一金员工旅游年终奖金绩效奖金弹性工作股票期权,广州-海珠区|3-4年经验|本科|招若干人|03-13发布|英语熟练|计算机科学与技术软件工程,"岗位职责：1.负责公司业务产品JAVA系统的设计与开发；2.配合相关后台系统完成产品功能与设计；3.负责与相关业务端口人员沟通需求并把握功能实现；4.相关JAVA新技术的调研；任职要求：1.计算机及计算机相关专业本科或本科以上学历2.三年以上相关系统开发工作经验；3.精通Linux/Unix平台上的Java编程，熟练掌握SpringCloud,SpringMVC,Mybatis等主流的开发框架有良好的编程习惯；4.能够熟练应用JSP/Servlet/JavaScript等WEB开发技术,对web前端（React，VUE等）有所了解，熟悉脚本编程（如Shell,Python等）；5.精通网络编程、多线程编程，熟悉开源计算、存储系统（如MySQL、Mongodb、Redis等）的管理或应用；6.具备优秀的逻辑思维能力，对解决挑战性问题充满热情，善于解决问题和分析问题；7.有强烈的上进心和求知欲，善于学习新事物，良好的团队合作精神，较强的沟通能力和学习能力；8.有独立完成方案设计和编码、以及应用设计模式的能力，具备全栈实战经验。广州市海珠区新港东路148号29层01、02单元。（环球贸易中心）广州智野软件科技有限公司民营公司50-150人",高级软件工程师互联网软件开发工程师java软件开发spring,广州市海珠区新港东路 148 号 29 层 01、02 单元。（环球贸易中心）
Java高级开发工程师,广州快批信息科技有限公司,1.5-2.5万/月,提供中午餐下午茶五险一金补充医疗保险员工旅游专业培训绩效奖金年终奖金定期体检,广州-海珠区|5-7年经验|大专|招2人|03-13发布,1、负责快批产品的后台系统日常开发和维护；2、负责后台存储系统的分布式改造。1、本科及以上学历，计算机相关专业；2、5年以上Unix/Linux下JAVA开发经验，精通JAVA，熟悉Unix/Linux操作系统原理、常用工具，有分布式系统开发经验优先考虑；3、至少熟悉一种脚本开发语言：比如python、shell等。4、熟悉grpc优先；5、良好的学习能力和分析解决问题能力，全面且扎实的软件知识结构（操作系统、设计模式、数据结构、数据库系统、网络安全）；6、能扛得住压力，同时具备良好的对外沟通和团队协作能力。新港东路琶洲商业广场11栋13楼（4号线、8号线万胜围地铁站）广州快批信息科技有限公司创业公司50-150人,高级软件工程师Java高并发,新港东路琶洲商业广场11栋13楼（4号线、8号线万胜围地铁站）
软件开发高级项目经理,珠海经济特区伟思有限公司,1-2万/月,五险一金免费班车员工旅游交通补贴餐饮补贴通讯补贴专业培训绩效奖金年终奖金定期体检,珠海|3-4年经验|大专|招若干人|03-13发布,岗位需求：1、大学本科及以上学历计算机相关专业毕业，较大型软件开发企业三年以上开发或项目管理经验，有通讯协议、网络安全系统开发经验优先。2.精通java、Python等常用开发语言。3.熟练运用Struts2、Spring、Hibernate等技术4.熟悉运用redis/memcache等任何一种缓存技术5熟悉运用一种NIO框，如Netty等6.熟悉软件开发流程、设计模式和体系结构7.具有良好的问题分析、处理及沟通能力23珠海市唐家湾软件园路1号南方软件园B3一层珠海经济特区伟思有限公司民营公司150-500人,高级软件工程师java工程师高级工程师,珠海市唐家湾软件园路1号南方软件园B3一层
图像处理工程师,广州瑞立科密汽车电子股份有限公司,1.5-2万/月,五险一金年终奖金绩效奖金定期体检专业培训免费住宿免费工作餐员工旅游,广州|3-4年经验|本科|招4人|03-13发布|普通话精通英语熟练|计算机科学软件工程,"1、主要从事汽车智能辅助驾驶系统、紧急防撞系统等的图像处理、机器视觉、视频图像大数据分析等方面的算法研究与开发工作。2、要求对图像处理与基于图像的模式识别展开系统深入的研究，开发有应用价值算法，开拓有发展潜力研究方向。本岗位不仅要求有很强的算法理论创新能力，而且要求很强的应用创新能力，即让算法获得比较新颖的应用与好的用户体验。岗位职责：1、跟踪图像算法前沿技术，负责公司图像处理、检测识别、机器视觉核心算法的研发。2、基于产品需求和使用场景进行技术方案整合和算法研究开发。3、负责相关图像处理与识别算法的代码实现、集成、测试与维护。4、负责项目软件设计、测试等技术文档撰写。岗位要求：1、模式识别、图像处理、应用数学等相关专业本科及以上学历。要求有丰富的机器视觉或图像处理方面工作经验；2、具备扎实的计算机视觉、模式识别、机器学习方面理论知识；3、精通目标检测、跟踪、识别等某一领域的算法，有深度学习相关经验，有RNN，CNN模型训练经验，熟悉常用的深度学习框架（如caffe，mxnet等）者优先。4、精通C/C++，熟悉Opencv,Matlab，python等工具，有很强的算法实现能力；5、掌握常见设计模式，熟悉Linux优先。6、自我驱动意识强，良好的团队精神，优秀的沟通、协调和推进能力，推进团队完成目标。7、从事过人脸、车辆、视频分析算法研发项目，熟悉深度学习算法开发项目的优先。广州市经济开发区科学城南翔支路1号广州瑞立科密汽车电子股份有限公司民营公司500-1000人",软件工程师算法工程师,广州市经济开发区科学城南翔支路1号
高级服务器开发工程师,广州艾美网络科技有限公司,2.5-3万/月,五险一金餐饮补贴专业培训年底双薪住房补贴,广州-番禺区|8-9年经验|本科|招若干人|03-13发布,工作职责：1、负责服务器构架与开发；2、保证服务器开发与维护以及后期扩展，保证服务器的效率和稳定性；3、负责对服务器高并发的处理，以及对大数据的有效支撑。职位要求：1、本科及以上学历，理工科专业毕业，有10年以上c++功底;2、精通Windows、Linux下的C/C++开发;3、具有扎实的服务器开发功底，对数据结构和算法有深刻理解，精通设计模式，并且有5年以上的研究，开发、运维相关的支撑工作;4、精通socket，精通iocp/epoll；5、精通HTTP、TCP/IP、UDP，具备服务器高并发网络框架能力;6、除C/C++外，熟悉Java/PHP/Lua/Python/Javascript等两种以上的语言；7、熟悉Node.js优先，熟悉数据库，有大数据分析处理经验优先。广州市番禺区番禺广场亚运大道和业大厦3A楼广州艾美网络科技有限公司民营公司50-150人,互联网软件开发工程师高级软件工程师,广州市番禺区番禺广场亚运大道和业大厦3A楼
软件测试工程师,越亮传奇科技股份有限公司,4.5-6千/月,五险一金补充医疗保险餐饮补贴通讯补贴绩效奖金年终奖金弹性工作定期体检,广州|无工作经验|本科|招2人|03-13发布,岗位职责：1、负责软件产品测试方案的编写工作；2、负责软件产品的测试工作；1.学历要求二类本科以上，计算机、通信、自动化专业；2.具备扎实的软件开发理论基础，熟悉linux操作系统；3.有C\C++\JAVA软件开发基础，了解shell、python等技术；4.一本院校及研究生学历优先；1.头脑灵活，思路敏捷开阔；2.具有良好的编码习惯，良好的文档书写能力；3.较强的逻辑思维能力，对流程善于思考并敢于正确表达看法；4.良好的沟通和表达能力，良好的执行能力。天河北路898号信源大厦307-309室越亮传奇科技股份有限公司合资500-1000人,软件测试测试工程师软件测试,天河北路898号信源大厦307-309室
